-- phpMyAdmin SQL Dump
-- version 5.2.1
-- https://www.phpmyadmin.net/
--
-- Host: localhost:3306
-- Generation Time: Aug 12, 2023 at 06:36 PM
-- Server version: 10.6.14-MariaDB-cll-lve
-- PHP Version: 8.1.16

SET SQL_MODE = "NO_AUTO_VALUE_ON_ZERO";
START TRANSACTION;
SET time_zone = "+00:00";


/*!40101 SET @OLD_CHARACTER_SET_CLIENT=@@CHARACTER_SET_CLIENT */;
/*!40101 SET @OLD_CHARACTER_SET_RESULTS=@@CHARACTER_SET_RESULTS */;
/*!40101 SET @OLD_COLLATION_CONNECTION=@@COLLATION_CONNECTION */;
/*!40101 SET NAMES utf8mb4 */;

--
-- Database: `sult2152_kos_db`
--

-- --------------------------------------------------------

--
-- Table structure for table `admin`
--

CREATE TABLE `admin` (
  `id_admin` int(11) NOT NULL,
  `nama` varchar(100) NOT NULL,
  `user` varchar(50) NOT NULL,
  `pass` varchar(50) NOT NULL
) ENGINE=InnoDB DEFAULT CHARSET=latin1 COLLATE=latin1_swedish_ci;

--
-- Dumping data for table `admin`
--

INSERT INTO `admin` (`id_admin`, `nama`, `user`, `pass`) VALUES
(1, 'steven', 'admin', '573vn'),
(2, 'Alex', 'alex', 'emas1kg');

-- --------------------------------------------------------

--
-- Table structure for table `kamar`
--

CREATE TABLE `kamar` (
  `id_kamar` int(11) NOT NULL,
  `nama_kam` varchar(100) NOT NULL,
  `id_kos` varchar(100) NOT NULL,
  `harga` int(11) NOT NULL,
  `status` varchar(10) NOT NULL,
  `kategori` varchar(100) NOT NULL
) ENGINE=InnoDB DEFAULT CHARSET=latin1 COLLATE=latin1_swedish_ci;

--
-- Dumping data for table `kamar`
--

INSERT INTO `kamar` (`id_kamar`, `nama_kam`, `id_kos`, `harga`, `status`, `kategori`) VALUES
(8, 'Garuda 1', 'Grd', 650000, 'Y', ''),
(10, 'Garuda 3', 'Grd', 650000, 'Y', ''),
(11, 'Garuda 4', 'Grd', 650000, 'Y', ''),
(12, 'Garuda 5', 'Grd', 650000, 'Y', ''),
(13, 'Garuda 6', 'Grd', 650000, 'Y', ''),
(14, 'Garuda 7', 'Grd', 700000, 'Y', 'Ekslutif'),
(15, 'Garuda 8', 'Grd', 650000, 'Y', ''),
(16, 'Garuda 9', 'Grd', 700000, 'Y', 'Ekslutif'),
(17, 'Garuda 10', 'Grd', 650000, 'T', ''),
(18, 'Garuda 11', 'Grd', 700000, 'Y', 'Ekslutif'),
(19, 'Garuda 12', 'Grd', 650000, 'Y', ''),
(20, 'Garuda 13', 'Grd', 650000, 'Y', ''),
(21, 'Garuda 14', 'Grd', 650000, 'Y', ''),
(22, 'Garuda 15', 'Grd', 650000, 'Y', ''),
(23, 'Garuda 16', 'Grd', 650000, 'Y', ''),
(24, 'Garuda 17', 'Grd', 650000, 'Y', ''),
(25, 'Garuda 18', 'Grd', 800000, 'Y', 'Ekslutif'),
(26, 'Garuda 19', 'Grd', 700000, 'Y', 'Standart'),
(27, 'Garuda 20', 'Grd', 650000, 'Y', ''),
(28, 'Basukirahmat(3) A1', 'Br3', 550000, 'Y', ''),
(29, 'Basukirahmat(3) B2', 'Br3', 550000, 'Y', ''),
(30, 'Basukirahmat(3) C3', 'Br3', 550000, 'Y', ''),
(31, 'Basukirahmat(3) D4', 'Br3', 600000, 'Y', 'Ekslutif'),
(32, 'Basukirahmat(3) E5', 'Br3', 550000, 'Y', ''),
(33, 'Basukirahmat(3) F6', 'Br3', 600000, 'Y', 'Ekslutif'),
(34, 'Basukirahmat(3) G7', 'Br3', 550000, 'Y', ''),
(35, 'Basukirahmat(3) H8', 'Br3', 550000, 'Y', ''),
(36, 'Basukirahmat(3) I9', 'Br3', 500000, 'Y', '-- -'),
(37, 'Basukirahmat(3) 1', 'Br3', 550000, 'Y', ''),
(38, 'Basukirahmat(3) 2', 'Br3', 600000, 'Y', 'Ekslutif'),
(39, 'Basukirahmat(3) 3', 'Br3', 600000, 'Y', 'Standart'),
(40, 'Basukirahmat(3) 4', 'Br3', 600000, 'Y', 'Ekslutif'),
(41, 'Basukirahmat(3) 5', 'Br3', 600000, 'Y', '-- -'),
(42, 'Basukirahmat(3) 6', 'Br3', 550000, 'Y', ''),
(43, 'Basukirahmat(3) 7', 'Br3', 550000, 'T', ''),
(44, 'Basukirahmat(3) 8', 'Br3', 550000, 'Y', ''),
(45, 'Basukirahmat(3) 9', 'Br3', 550000, 'Y', ''),
(46, 'Basukirahmat(3) 10', 'Br3', 550000, 'Y', ''),
(47, 'Basukirahmat(3) 11', 'Br3', 600000, 'Y', 'Standart'),
(48, 'Basukirahmat(3) 12', 'Br3', 550000, 'Y', ''),
(49, 'Basukirahmat(3) 13', 'Br3', 550000, 'Y', ''),
(50, 'Basukirahmat(3) 14', 'Br3', 550000, 'Y', ''),
(51, 'Basukirahmat(3) 15', 'Br3', 550000, 'Y', ''),
(52, 'Basukirahmat(3) 16', 'Br3', 550000, 'Y', ''),
(53, 'Basa-Basi 1', 'Bb', 600000, 'Y', '-- -'),
(54, 'Basa-Basi 2', 'Bb', 600000, 'Y', '-- Standart -'),
(55, 'Basa-Basi 3', 'Bb', 550000, 'Y', ''),
(56, 'Basa-Basi 4', 'Bb', 600000, 'Y', 'Standart'),
(57, 'Basa-Basi 5', 'Bb', 600000, 'Y', '-- -'),
(58, 'Basa-Basi 6', 'Bb', 550000, 'Y', ''),
(59, 'Basa-Basi 7', 'Bb', 600000, 'Y', '-- -'),
(60, 'Basa-Basi 8', 'Bb', 550000, 'Y', ''),
(61, 'Basa-Basi 9', 'Bb', 550000, 'Y', ''),
(62, 'Basa-Basi 10', 'Bb', 700000, 'Y', '-- -- - -'),
(63, 'Mamboro P 1', 'Mp', 600000, 'Y', '-- Standart -'),
(64, 'Mamboro P 2', 'Mp', 600000, 'Y', ''),
(65, 'Mamboro P 3', 'Mp', 700000, 'Y', '-- Ekslutif -'),
(66, 'Mamboro P 4', 'Mp', 600000, 'Y', 'Ekslutif'),
(67, 'Mamboro P 5', 'Mp', 325000, 'Y', '-- Ekslutif -'),
(68, 'Mamboro P 6', 'Mp', 600000, 'Y', 'Ekslutif'),
(69, 'Mamboro P 7', 'Mp', 550000, 'Y', '-- -'),
(70, 'Mamboro P 8', 'Mp', 550000, 'Y', '-- -'),
(71, 'Mamboro ML 1', 'Mlm', 550000, 'Y', 'Standart'),
(72, 'Mamboro LM 2', 'Mlm', 550000, 'Y', 'Standart'),
(73, 'Mamboro LM 3', 'Mlm', 550000, 'Y', 'Standart'),
(74, 'Mamboro LM 4', 'Mlm', 550000, 'Y', '-- Ekslutif -'),
(75, 'Mamboro LM 5', 'Mlm', 550000, 'Y', 'Standart'),
(77, 'Mamboro LM 6', 'Mlm', 550000, 'Y', 'Standart'),
(78, 'Mamboro LM 7', 'Mlm', 550000, 'Y', 'Standart'),
(79, 'Mamboro LM 8', 'Mlm', 600000, 'Y', '-- Standart -'),
(80, 'Mamboro LM 9', 'Mlm', 600000, 'Y', '-- Standart -'),
(81, 'Mamboro LM 10', 'Mlm', 550000, 'Y', 'Standart'),
(82, 'Mamboro LM 11', 'Mlm', 550000, 'Y', 'Standart'),
(83, 'Mamboro LM 12', 'Mlm', 550000, 'Y', 'Standart'),
(84, 'Mamboro LM 13', 'Mlm', 550000, 'Y', 'Standart'),
(85, 'Mamboro LM 14', 'Mlm', 600000, 'Y', 'Ekslutif'),
(86, 'Mamboro LM 15', 'Mlm', 700000, 'Y', 'Ekslutif'),
(87, 'Mamboro LM 16', 'Mlm', 550000, 'Y', 'Standart'),
(88, 'Mamboro LM 17', 'Mlm', 1000000, 'Y', '-- AC -'),
(89, 'Mamboro LM 18', 'Mlm', 550000, 'Y', 'Standart'),
(90, 'Mamboro LM 19', 'Mlm', 550000, 'Y', 'Standart'),
(91, 'Mamboro LM 20', 'Mlm', 550000, 'Y', 'Standart'),
(92, 'Garuda 2', 'Grd', 650000, 'Y', ''),
(93, 'Mamboro Lm 21', 'Mlm', 550000, 'Y', '-- Standart -'),
(94, 'Mamboro LM 22', 'Mlm', 600000, 'Y', '-- Standart -'),
(95, 'Mamboro LM 23', 'Mlm', 550000, 'Y', 'Standart'),
(96, 'Mamboro Lm 24', 'Mlm', 600000, 'Y', '-- Standart -'),
(97, 'Mamboro Lm 25', 'Mlm', 550000, 'T', 'Standart'),
(98, 'Mamboro Lm 26', 'Mlm', 550000, 'Y', 'Standart'),
(99, 'Mamboro Lm 27', 'Mlm', 550000, 'Y', 'Standart'),
(100, 'Mamboro LM 28', 'Mlm', 550000, 'Y', 'Standart'),
(101, 'Basukirahmat(1) 8', 'Br1', 650000, 'Y', 'Standart'),
(102, 'Basukirahmat(1) 10', 'Br1', 650000, 'Y', 'Standart'),
(103, 'Basukirahmat(1) 4', 'Br1', 650000, 'Y', 'Standart'),
(104, 'Basukirahmat(1) 13', 'Br1', 650000, 'Y', 'Standart'),
(105, 'Basukirahmat(1) 14', 'Br1', 650000, 'Y', 'Standart'),
(106, 'Basukirahmat(1) 01', 'Br1', 650000, 'Y', 'Standart'),
(107, 'Basukirahmat(1) 3', 'Br1', 650000, 'Y', 'Standart'),
(108, 'Basukirahmat(1) 9', 'Br1', 650000, 'Y', 'Standart'),
(109, 'Basukirahmat(1) 16', 'Br1', 650000, 'Y', 'Standart'),
(110, 'Basukirahmat(1) 7', 'Br1', 650000, 'Y', 'Standart'),
(111, 'Basukirahmat(1) 15', 'Br1', 650000, 'Y', 'Standart'),
(112, 'Basukirahmat(1) 2', 'Br1', 650000, 'T', 'Standart'),
(113, 'Basukirahmat(1) 5', 'Br1', 650000, 'T', 'Standart'),
(114, 'Basukirahmat(1) 11', 'Br1', 650000, 'Y', 'Standart'),
(115, 'Basukirahmat(1) 12', 'Br1', 650000, 'Y', 'Standart'),
(116, 'Basukirahmat(1) 6', 'Br1', 650000, 'Y', 'Standart');

-- --------------------------------------------------------

--
-- Table structure for table `kos`
--

CREATE TABLE `kos` (
  `id_kos` varchar(10) NOT NULL,
  `id_op` int(11) NOT NULL,
  `jumlah_kam` int(11) NOT NULL,
  `alamat` text NOT NULL
) ENGINE=InnoDB DEFAULT CHARSET=latin1 COLLATE=latin1_swedish_ci;

--
-- Dumping data for table `kos`
--

INSERT INTO `kos` (`id_kos`, `id_op`, `jumlah_kam`, `alamat`) VALUES
('Bb', 3, 10, 'Basa-Basi											'),
('BB1', 4, 0, '															basuki rahmat 1													'),
('Br1', 6, 16, 'Basukirahmat (1)											'),
('Br3', 3, 25, 'Basukirahmat(3)									'),
('Grd', 3, 20, '									Garuda																											'),
('Mawar', 2, 0, 'Jl Mawar No 25											'),
('Mlm', 4, 28, '			Mamboro								'),
('Mp', 4, 8, '						Mamboro					');

-- --------------------------------------------------------

--
-- Table structure for table `operator`
--

CREATE TABLE `operator` (
  `id_op` int(11) NOT NULL,
  `nama` varchar(100) NOT NULL,
  `user` varchar(100) NOT NULL,
  `pass` varchar(50) NOT NULL
) ENGINE=InnoDB DEFAULT CHARSET=latin1 COLLATE=latin1_swedish_ci;

--
-- Dumping data for table `operator`
--

INSERT INTO `operator` (`id_op`, `nama`, `user`, `pass`) VALUES
(1, 'steven', 'steven', '123456'),
(5, 'ALEX', 'ALEX', 'ALEX01'),
(6, 'farid', 'farid', 'garuda'),
(10, 'amin', 'amin', 'amin3');

-- --------------------------------------------------------

--
-- Table structure for table `pelanggan`
--

CREATE TABLE `pelanggan` (
  `id_pel` int(11) NOT NULL,
  `nik` varchar(13) NOT NULL,
  `nama_pel` varchar(100) NOT NULL,
  `tempat_lahir` varchar(100) NOT NULL,
  `tanggal_lahir` date NOT NULL,
  `alamat` text NOT NULL,
  `agama` varchar(50) NOT NULL,
  `pekerjaan` varchar(100) NOT NULL,
  `warga` varchar(100) NOT NULL,
  `foto` text NOT NULL,
  `no_hp` varchar(15) NOT NULL,
  `status` varchar(10) NOT NULL,
  `op` varchar(100) NOT NULL,
  `status_huni` varchar(10) NOT NULL
) ENGINE=InnoDB DEFAULT CHARSET=latin1 COLLATE=latin1_swedish_ci;

--
-- Dumping data for table `pelanggan`
--

INSERT INTO `pelanggan` (`id_pel`, `nik`, `nama_pel`, `tempat_lahir`, `tanggal_lahir`, `alamat`, `agama`, `pekerjaan`, `warga`, `foto`, `no_hp`, `status`, `op`, `status_huni`) VALUES
(3, '854234658794', 'Omar ', 'Nganjuk', '2005-05-18', 'Nganjuk', 'Islam', 'Swasta', 'WNI', 'images_(3).jpeg', '6285234880714', 'T', 'qwe12', 'TH'),
(4, '852369896587', 'Putri', 'Nganjuk', '2001-07-18', 'Nganjuk', 'Islam', 'Swasta', 'WNI', 'images_(1).jpeg', '62852348807714', 'T', 'qwe12', 'TH'),
(6, '7271044509900', 'ASTRID', 'LABUAN BARU', '1990-05-09', 'Jl. INOTOA', 'ISLAM', 'Mengurus Rumah Tangga', 'WNI', 'IMG-20220721-WA0001.jpg', '6281325937308', 'Y', '1', 'TH'),
(7, '7202210408710', 'AGUS PRIYANTO, S', 'PATI', '1971-08-04', 'JLN. EBONY . 1', 'KRISTEN', 'KARYAWAN BUMN', 'WNI', 'IMG-20220721-WA0004.jpg', '6281341871771', 'Y', '1', 'TH'),
(8, '7208095411920', 'NOFIAN FITRIANI', 'Astina', '1992-11-14', 'DUSUN 1 TORUE\r\nDESA TORUE', 'KRISTEN', 'PELAJAR/MAHASISWA', 'WNI', 'IMG-20220721-WA0002.jpg', '6282190272156', 'Y', '1', 'H'),
(9, '7209086409960', 'NURJANAH', 'UEDELE', '1996-09-24', 'BTN KARTIKA II', 'ISLAM', 'KARYAWAN SWASTA', 'WNI', 'IMG-20220721-WA0005.jpg', '6282253578321', 'Y', '1', 'H'),
(10, '7203114107990', 'GHINA LUKIANA', 'TG. PADANG', '1998-06-04', 'TONDO', 'ISLAM', 'PELAJAR/MAHASISWA', 'WNI', 'IMG-20220721-WA0006.jpg', '6282293303225', 'Y', '1', 'H'),
(12, '192087382684', 'Messi', 'Nganjuk', '2019-07-17', 'Baron Nganjuk', 'Islam', 'Swasta', 'WNI', 'avatar3.png', '6285234880714', 'kontrak', '1', 'TH'),
(13, '3271040512900', 'DEVI ADRIANSYAH', 'TELAGA', '1990-12-05', 'BANJAR DINAS PADMA KENCANA', 'ISLAM', 'KARYAWAN SWASTA', 'WNI', 'IMG-20220811-WA0001.jpg', '6285216407550', 'Y', '1', 'H'),
(14, '7208125007920', 'Qamarina adityawati', 'MANADO', '1992-07-10', 'JL TRANS SULAWESI DUSUN II\r\nDESA DOLAGA\r\nKEC PARIGI MOUTONG', 'ISLAM', 'MENGURUS RUMAH TANGGA', 'WNI', '165880229657286.jpg', '6285342482833', 'Y', '1', 'H'),
(15, '7201042303980', 'MOH RAIHAN', 'LUWUK', '1998-03-23', 'BTN NUSAGRIAYA BLOK J NO 34', 'ISLAM', 'PELAJAR/MAHASISWA', 'WNI', '165866574712156.jpg', '6285298589954', 'Y', '1', 'H'),
(16, '7208140202850', 'ANTO', 'TUL-SIBATANG', '1985-12-02', 'DESA TUL-SIBATANG', 'ISLAM', 'BELUM/TIDAK BEKERJA', 'WNI', '165866377125796.jpg', '6281242028763', 'Y', '1', 'H'),
(17, '7204076806970', 'YUNI SARTIKA CORIUS', 'TOLI-TOLI', '1997-06-28', 'JL. PANJAITAN', 'KRISTEN', 'PELAJAR/MAHASISWA', 'WNI', '165880046540731.jpg', '6282271123244', 'Y', '1', 'H'),
(18, '7206031208720', 'BERNART TA\'ANGGA', 'KOLONODALE', '1972-08-12', 'BAHONTULA', 'KRISTEN', 'PEGAWAI NEGERI SIPIL', 'WNI', '166535951476831.jpg', '6282345364469', 'Y', '1', 'H'),
(19, '7201042701990', 'MUH RIZKY FADILLAH KIKI', 'LUWUK', '1999-01-27', 'JL. G. MERAPI\r\nDESA MANGKIO BARU', 'ISLAM', 'PELAJAR/MAHASISWA', 'WNI', '166192038125508.jpg', '6282293413153', 'Y', '1', 'H'),
(20, '3302241809870', 'WIDIYANTO', 'BANYUMAS', '1987-09-18', 'JL. PEMBINA\r\nDESA KARANGPUCUNG', 'ISLAM', 'BURUH HARIAN LEPAS', 'WNI', '166373104833306.jpg', '6281242557769', 'Y', '1', 'TH'),
(21, '7208035808970', 'DEBORA', 'POSO', '1997-08-18', 'DUSUN SIJA\r\nDESA SIDOAN BARAT', 'KRISTEN', 'PELAJAR/MAHASISWA', 'WNI', '165854607833028.jpg', '6285975293033', 'Y', '1', 'H'),
(22, '7208137012990', 'Maya B.K. KURUSANANGI', 'TORIBULU', '1999-12-30', 'DUSUN III\r\nDESA TORIBULU SELATAN', 'ISLAM', 'PELAJAR/MAHASISWA', 'WNI', '167203476526665.jpg', '6285340460953', 'Y', '1', 'H'),
(23, '7206017107980', 'HANY ADITYA LAODO', 'TALIWAN', '1998-07-31', 'WAWONDULA', 'ISLAM', 'PELAJAR/MAHASISWA', 'WNI', '167807917965826.jpg', '6282293250726', 'Y', '1', 'H'),
(24, '7201044107960', 'RETNO PUSPAPITA DEWI', 'LUWUK', '1996-07-01', 'JL. P. BOKAN', 'ISLAM', 'PELAJAR/MAHASISWA', 'WNI', '165838686089194.jpg', '6285394055350', 'Y', '1', 'H'),
(25, '7501010208820', 'ENDERSON SUDIRMAN LISAR', 'LIMBOTO', '1982-08-02', 'JL. JAMUR\r\nDESA BOYAOGE', 'KRISTEN', 'KARYAWAN SWASTA', 'WNI', '165880072316270.jpg', '6281354252002', 'Y', '1', 'H'),
(26, '7203104909000', 'FEBRY YANTI', 'MASAINGI', '2000-09-09', 'MASANIGI\r\nDESA  MASAINGI\r\nKEC SINDUE', 'ISLAM', 'PELAJAR/MAHASISWA', 'WNI', '165838713141879.jpg', '6282210278150', 'Y', '1', 'TH'),
(27, '7301014712990', 'ANNISA ANASTYA TASELA', 'BENTENG SELAYAR', '1999-12-07', 'JL. DR. SAMRATULANGI', 'ISLAM', 'PELAJAR/MAHASISWA', 'WNI', '165838671099219.jpg', '6281384068321', 'Y', '1', 'H'),
(28, '7201042401010', 'ANDRE ANDARESTA HADJIM', 'LUWUK', '2001-01-24', 'JL. LORONG JATI WARINGIN\r\nDESA TONTOUWA', 'ISLAM', 'PELAJAR/MAHASISWA', 'WNI', '165838524928227.jpg', '6282290075789', 'Y', '1', 'H'),
(29, '7210094701930', 'SATRIJAYANTI', 'BANGGA', '1993-01-07', 'DESA BANGGA\r\n', 'ISLAM', 'PELAJAR/MAHASISWA', 'WNI', '165879835449934.jpg', '6285242235575', 'Y', '1', 'TH'),
(30, '7271026603930', 'RAGINA SAFITRI HANDAYANI', 'PALU', '1993-03-26', 'JL. SERUNI RAYA NO. 18 A PALU', 'ISLAM', 'KARYAWAN SWASTA', 'WNI', 'RAGINA.jpg', '6282249347575', 'Y', '1', 'TH'),
(31, '7271036202010', 'AURELLIA WINDA VIRANI DE\'E', 'PALU', '2001-02-22', 'BTN PALU NAGAYA BLOK H2 NO. 15', 'KRISTEN', 'PELAJAR/MAHASISWA', 'WNI', '165839103584161.jpg', '6281359046115', 'Y', '1', 'H'),
(32, '7371060404800', 'MUH. RIDWAN', 'UJUNG PANDANG', '1980-04-04', 'JL. BAYAM NO. 18 C\r\nDESA WAJO BARU', 'ISLAM', 'KARYAWAN SWASTA', 'WNI', 'MUH__RIDWAN.jpg', '6285656467778', 'Y', '1', 'TH'),
(33, '7210015006000', 'RAMAN', 'PARIGIMPU\'U', '2003-10-28', 'DUSUN III\r\nDESA JONOKALORA, PARIGI BARAT', 'ISLAM', 'BELUM/TIDAK BEKERJA', 'WNI', '165950100998415.jpg', '6283863952233', 'Y', '1', 'H'),
(34, '7271035205950', 'NITA MUNIFAH', 'PALU', '1995-05-12', 'JL. KARANJA LEMBA', 'ISLAM', 'BELUM/TIDAK BEKERJA', 'WNI', '165839020324150.jpg', '6285960203583', 'Y', '1', 'H'),
(35, '7271025705950', 'FARADILLAH', 'PALU', '1995-05-17', 'JL. S. MALINO NO. 9, PALU BARAT', 'ISLAM', 'PELAJAR/MAHASISWA', 'WNI', '167335789514022.jpg', '6282352339532', 'Y', '1', 'H'),
(36, '7271012503910', 'STEVEN MARCO', 'PALU', '1001-03-25', 'JL. MT HARYONO BO. 22 PALU', 'KRISTEN', 'PELAJAR/MAHASISWA', 'WNI', '165839073355068.jpg', '6282292672720', 'Y', '1', 'H'),
(37, '7204075104930', 'AFRILIYANTI KASIALANG', 'TOLITOLI', '1993-04-11', 'JL. SOETOYO LINGK. IV\r\nDESA PANASAKAN', 'KRISTEN', 'PELAJAR/MAHASISWA', 'WNI', '165839088537051.jpg', '6285341643626', 'Y', '1', 'H'),
(38, '7210106411960', 'DEBI SINTIA DEWI', 'SIBALAYA SELATAN', '1996-11-24', 'JL. POROS PALU KULAWI KM 30\r\nDESA SIBALAYA SELATAN', 'ISLAM', 'PELAJAR/MAHASISWA', 'WNI', '165839062914216.jpg', '6285212571964', 'Y', '1', 'TH'),
(39, '7203116212980', 'DESI RAHMADANI', 'SIBADO', '1998-12-22', 'DUSUN II \r\nDESA SIBADO', 'ISLAM', 'PELAJAR/MAHASISWA', 'WNI', '165838788771364.jpg', '6282196879992', 'Y', '1', 'H'),
(40, '7203121305040', 'ROCKY PETER WOWILING', 'MELI', '2004-05-13', 'JL. PALU SABANG MELI\r\nDESA MELI', 'KRISTEN', 'PELAJAR/MAHASISWA', 'WNI', '167689401862992.jpg', '6283139725013', 'Y', '1', 'TH'),
(41, '7202066106910', 'ISMA TUWUNT JAKI', 'TENTENA', '1991-06-21', 'DESA PENDOLO\r\nKEC PAMONA SELATAN', 'KRISTEN', 'WIRASWASTA', 'WNI', '167495727717965.jpg', '6285399329992', 'Y', '1', 'TH'),
(42, '3174084307990', 'MARCELINA TRI YULIYANA', 'PALU', '1999-07-03', 'JL. KERJA BAKTI   IV\r\nDESA MAKASSAR', 'KRISTEN', 'KARYAWAN SWASTA', 'WNI', '167404882638346.jpg', '6281354886379', 'Y', '1', 'H'),
(43, '7208094101990', 'KUSNUL KOTIMAH', 'TOLAI', '1999-01-01', 'BUANASARI\r\nDESA TOLAI', 'ISLAM', 'BELUM/TIDAK BEKERJA', 'WNI', '165880156066098.jpg', '6281999575056', 'Y', '1', 'H'),
(44, '7203097007970', 'PRICILLIA ANGGREINI TIESMIN', 'PALU', '1997-07-30', 'JL. MANGGA\r\nDESA LABUAN LELEA', 'KRISTEN', 'PELAJAR/MAHASISWA', 'WNI', '167377530077834.jpg', '6282310104091', 'Y', '1', 'H'),
(45, '7203086302990', 'FILYA FERYAL', 'PALU', '1999-02-23', 'Jl. PKKD NO. 94\r\nDESA TANJUNG BATU', 'ISLAM', 'PELAJAR/MAHASISWA', 'WNI', '165838880936516.jpg', '6281245272003', 'Y', '1', 'H'),
(46, '7208201203030', 'JOSHUA MANUEL KAISAREA', 'SAMARINDA', '2003-03-12', 'JL TRAN SULAWESI DUSUN III\r\nDESA PELAWA BARU', 'ISLAM', 'BELUM/TIDAK BEKERJA', 'WNI', '167214229374144.jpg', '6285216382595', 'Y', '1', 'H'),
(48, '7601025503870', 'NUJRA', 'BAMBALAMOTU', '1987-03-15', 'JL. RAMBA 1 PALU\r\nBIROBULI SELATAN', 'ISLAM', 'KARYAWAN SWASTA', 'WNI', '166373114081963.jpg', '6282340980011', 'Y', '1', 'H'),
(49, '7208012805890', 'MAX MAURITS MONANGIN', 'BITUNG', '1989-05-28', 'JL. TRAN SULAWESI\r\nDESA MAESA', 'KRISTEN', 'BELUM/TIDAK BEKERJA', 'WNI', '165838833630276.jpg', '6285340920203', 'Y', '1', 'H'),
(50, '7203080608880', 'ASGAR', 'TANAHMEA', '1988-08-06', 'DUSUN I\r\nDESA TANAHMEA', 'ISLAM', 'WIRASWASTA', 'WNI', '166028250221333.jpg', '628126021007', 'Y', '1', 'H'),
(51, '7203045408980', 'MISNAWATI', 'BANGKIR', '1998-08-14', 'DESPOT\r\nDESA LALUNDU', 'ISLAM', 'PELAJAR/MAHASISWA', 'WNI', '165838847440193.jpg', '6282359411114', 'Y', '1', 'H'),
(52, '7271011108810', 'IVAN LUTFIANDI', 'PALU', '1981-08-11', 'BTN BUMI ROVINGA B9-10 PALU\r\nDESA TONDO', 'ISLAM', 'WIRASWASTA', 'WNI', '167426988063950.jpg', '6285396211243', 'Y', '1', 'H'),
(53, '7210025702970', 'FITRI AYU', 'KAPIROE', '1997-02-17', 'DESA KAPIROE\r\nKEC PALOLO', 'ISLAM', 'PELAJAR/MAHASISWA', 'WNI', '165838960340873.jpg', '6285351240456', 'Y', '1', 'H'),
(54, '7208115910990', 'INDAH SARI', 'PARIGI', '1999-10-19', 'JL TADULAKO II\r\nDESA LEMUSA', 'KRISTEN', 'PELAJAR/MAHASISWA', 'WNI', '165838604091434.jpg', '6287812237714', 'Y', '1', 'H'),
(55, '7208114107920', 'YULIN', 'LEMUSA', '1992-07-01', 'JL. TRAN SULAWESI\r\nDESA OLAYA', 'KRISTEN', 'BELUM/TIDAK BEKERJA', 'WNI', '167782349828100.jpg', '6282211070127', 'Y', '1', 'TH'),
(56, '7204030107000', 'ASBAR', 'BAMBAPUN', '2000-07-01', 'DESA BAMBAPUN\r\nKEC DONDO', 'ISLAM', 'PELAJAR/MAHASISWA', 'WNI', '167548799645115.jpg', '6282293370827', 'Y', '1', 'H'),
(57, '7313082610980', 'RHIZMAN ASHARY MUHAMMAD', 'AMBON', '1998-10-26', 'PERUM DOSEN BLOK D1/2\r\nDESA TONDO', 'ISLAM', 'PELAJAR/MAHASISWA', 'WNI', '167048057068910.jpg', '6282345723150', 'Y', '1', 'TH'),
(58, '7204076504990', 'DITA PUSPITASARI PUTRI UTAMI', 'PALU', '1999-04-25', 'JL. LADAPI NO.54', 'ISLAM', 'PELAJAR/MAHASISWA', 'WNI', '16586646441256.jpg', '6282271580801', 'Y', '1', 'H'),
(59, '7208036309970', 'DEVI YULIANA', 'PALU', '1997-09-23', 'JL. ABDUL RAQIE NO. 7', 'ISLAM', 'KARYAWAN SWASTA', 'WNI', '166158320683745.jpg', '6282240303406', 'Y', '1', 'TH'),
(60, '7203086906000', 'DITA WULAN SARI', 'PALU', '2000-06-29', 'JL. KARANG RIA\r\nDESA LABUAN BAJO', 'ISLAM', 'PELAJAR/MAHASISWA', 'WNI', '167418177385502.jpg', '6282225921162', 'Y', '1', 'H'),
(61, '7271044612650', 'NURHAYATI', 'WANI', '1965-12-06', 'JL. RAYA MAMBORO', 'ISLAM', 'MENGURUS RUMAH TANGGA', 'WNI', '167391990917921.jpg', '6285299003665', 'Y', '1', 'TH'),
(62, '9271026808850', 'RAHMAWATI', 'BOJONOGORO', '1985-08-28', 'JL. BASUKIRAHMAT \r\nDESA MALAINGKEDI\r\nKEC MALAINGKEDI', 'ISLAM', 'WIRASWASTA ', 'WNI', 'IMG-20230512-WA0005.jpg', '6282194086326', 'Y', '1', 'H'),
(63, '7204071711890', 'MOH. ARIF', 'TOLITOLI', '1989-11-17', 'DUSUN IV DESA SIMAGAYA', 'ISLAM', 'KARYAWAN BUMN', 'WNI', '167325908748287.jpg', '6282291032206', 'Y', '1', 'TH'),
(64, '7106081710940', 'SUKARDI KAABA', 'LANSA', '1994-10-17', 'JAGA IX\r\nDESA KOLONGAN TETEMPANGAN', 'ISLAM', 'BELUM/TIDAK BEKERJA', 'WNI', '167474537673424.jpg', '6285971613713', 'Y', '1', 'H'),
(65, '7271024803030', 'NURHIKMA', 'PALU', '2003-03-08', 'JL. AHMAD YANI\r\nDESA DONDO', 'ISLAM', 'PELAJAR/MAHASISWA', 'WNI', '167368277919615.jpg', '6282214245617', 'Y', '1', 'H'),
(66, '7202196502000', 'NI PUTU ELSY IRAWATI', 'TANGKURA', '2000-02-25', 'TANGKURA, POSO PESISIR SELATAN', 'HINDU', 'PELAJAR/MAHASISWA', 'WNI', '16765347624192.jpg', '6282349234145', 'Y', '1', 'H'),
(67, '7271040912930', 'KIKO NURVEIZ LAMIDJA', 'TAWAELI', '1993-12-09', 'JL. SINTUVU', 'ISLAM', 'KARYAWAN HONORER', 'WNI', '16766341119681.jpg', '6282293935459', 'Y', '1', 'TH'),
(68, '7208124202040', 'LENNI WIDIYA NINGSIH', 'KOTA RAYA', '1004-01-02', 'DUSUN KARANG ANYAR\r\nDESA KOTARAYA BARAT', 'ISLAM', 'PELAJAR/MAHASISWA', 'WNI', '167723336486142.jpg', '6285224988132', 'Y', '1', 'TH'),
(69, '7209050804040', 'MOH. RIFAL SINGGIMAH', 'AMPANA', '2004-04-08', 'JL. SUNGAI BONGKA\r\nDESA UENTANAGA ATAS', 'ISLAM', 'PELAJAR/MAHASISWA', 'WNI', '167523874551400.jpg', '6282271066854', 'Y', '1', 'H'),
(71, '7209044101040', 'FARADISYA ABD. RAHMAN S', 'URUNDAKA', '2004-01-01', 'DESA URUNDAKA', 'ISLAM', 'PELAJAR/MAHASISWA', 'WNI', '167600710136828.jpg', '6282296318652', 'Y', '1', 'H'),
(72, '7210144606970', 'YUYUN ZANNA TUL ZAHRA', 'TINGGEDE', '1997-06-06', 'DUDUN I\r\nDESA MOUTONG TENGAH', 'ISLAM', 'MENGURUS RUMAH TANGGA', 'WNI', '16760819551987.jpg', '6282218158876', 'Y', '1', 'TH'),
(73, '7209085309921', 'KELVIN FREDRIKA', 'MALEWA', '1992-09-13', 'DESA TANAMAWAU', 'ISLAM', 'BIDAN', 'WNI', '167619828116551.jpg', '6282195112029', 'Y', '1', 'TH'),
(74, '7271040819600', 'ANGKI KRISTIAWAN', 'PALU', '1996-01-08', 'JL. LAPATURUKI\r\nDESA KAYUMALUE PAJEKO', 'ISLAM', 'GURU', 'WNI', '167773192765102.jpg', '6285245705787', 'Y', '1', 'TH'),
(75, '7271044903950', 'FITRIANI', 'POSO', '1995-03-05', 'JL. KABONJENA\r\nDESA TAIPA', 'ISLAM', 'WIRASWASTA', 'WNI', '167548817476483.jpg', '6285344014171', 'Y', '1', 'H'),
(76, '7208130412980', 'SOFIAN', 'SIENJO', '1998-12-04', 'DUSUN II SIENJO', 'ISLAM', 'PELAJAR/MAHASISWA', 'WNI', '167723888469500.jpg', '6281245670746', 'Y', '1', 'H'),
(77, '3175071709941', 'MUHAMAD ALFIAN UMARELLA', 'JAKARTA', '1994-09-17', 'KP SUMUR NO 28.B DESA KLENDER KEL. DUREN SAWIT\r\nDESA KLENDER', 'ISLAM', 'PELAJAR/MAHASISWA', 'WNI', '167869828441864.jpg', '6282111017117', 'Y', '1', 'TH'),
(78, '7201044711770', 'HASVINITA ALDONA', 'LUWUK', '1977-11-07', 'MULYOHARJO\r\nDESA MULYOHARJO', 'ISLAM', 'MENGURUS RUMAH TANGGA', 'WNI', '167576351120979.jpg', '6281354909245', 'Y', '1', 'TH'),
(79, '7271042302910', 'HENDY PRATAMA', 'KAYUMALUE', '1991-02-23', 'JL. MANTHILAYO\r\nDESA MAMBORO', 'ISLAM', 'PELAUT', 'WNI', '167548880852837.jpg', '6281294202291', 'Y', '1', 'TH'),
(80, '9201072311710', 'JOHNY ROCHIMAT IRIAWAN', 'SORONG', '1971-11-23', 'KRAJAN\r\nDESA KEBONGUNUNG', 'ISLAM', 'KARYAWAN SWASTA', 'WNI', '167896272366051.jpg', '6281253166732', 'Y', '1', 'TH'),
(81, '7605082909960', 'ABD. RAHMAN WAHAB', 'MAJENE', '2996-09-29', 'BARANE\r\nDESA BAURUNG KEC BANGGAE TIMUR', 'ISLAM', 'PELAJAR/MAHASISWA', 'WNI', '168022935773725.jpg', '6281248973743', 'Y', '2', 'TH'),
(82, '7210014412970', 'DINING AMALIA L', 'NGATABARU', '1997-12-04', 'DESA NGATABARU\r\nKEC SIGI BIROMARU', 'ISLAM', 'MENGURUS RUMAH TANGGA', 'WNI', 'IMG-20230406-WA0009.jpg', '6285757477037', 'Y', '2', 'TH'),
(84, '7202070602010', 'FATUR RAHMAN', 'PARIGI', '2001-02-06', 'JL MAMDIRI\r\nDESA WATUMAETA', 'ISLAM', 'BELUM/TIDAK BEKERJA', 'WNI', 'IMG-20230406-WA0014.jpg', '6282191370647', 'Y', '2', 'H'),
(85, '7313090909970', 'ABD. SALAM', 'ANABANUA', '1998-09-09', 'LINGK. BOLAMALLIMPONG', 'ISLAM', 'PELAJAR/MAHASISWA', 'WNI', 'IMG-20230407-WA0002.jpg', '6285823725825', 'Y', '2', 'TH'),
(86, '7271015308830', 'LISYANTI', 'MOUTONG', '1983-08-13', 'JL.RAYA KAYUMALUE', 'ISLAM', 'MENGURUS RUMAH TANGGA', 'WNI', 'IMG-20230409-WA0001.jpg', '6282396133589', 'Y', '2', 'TH'),
(87, '7271045410850', 'ERTINA', 'PINGRANG', '1985-10-14', 'JL.BAHARI\r\nDESA PANTOLOAN', 'ISLAM', 'BELUM/TIDAK BEKERJA', 'WNI', 'IMG-20230409-WA0000.jpg', '6282153913280', 'Y', '2', 'TH'),
(88, '7271035707020', 'NISSA YULISA', 'PALU', '2002-07-17', 'JL. SINOMBILI\r\nDESA KAYUMALUE NGAPA', 'ISLAM', 'PELAJAR/MAHASISWA', 'WNI', 'IMG-20230411-WA0001.jpg', '6282252382767', 'Y', '2', 'H'),
(91, '7302092610940', 'ANDI KURNIAWAN', 'BULUKUMBA', '1994-10-26', 'PACCINONGAN\r\nDESA TINO\r\nKEC TAROWANG', 'ISLAM', 'WIRASWASTA', 'WNI', 'IMG-20230422-WA0000.jpg', '6282291295796', 'Y', '2', 'H'),
(92, '7208135901020', 'INTAN PURNAMASARI', 'OGOTUMUBU', '2002-01-19', 'OGOTUMUBU\r\nDESA OGOTUMUBU', 'ISLAM', 'PELAJAR/MAHASISWA', 'WNI', 'IMG-20230426-WA0000.jpg', '6282238183832', 'Y', '2', 'H'),
(93, '7208084805010', 'LUSIANA D.DONGGO', 'PALU', '2001-06-18', 'DUSUN LAMBAGU\r\nDESA KASIMBAR SELATAN', 'ISLAM', 'PELAJAR/MAHASISWA', 'WNI', 'BB_NO_1.jpg', '6281242549886', 'Y', '2', 'TH'),
(94, '7271013112010', 'DIDI', 'PALU', '2001-12-31', 'JL. BOYA PAPITU\r\nDESA TONDO', 'ISLAM', 'BELUM/TIDAK BEKERJA', 'WNI', 'IMG-20230427-WA0003.jpg', '6281355704649', 'Y', '2', 'TH'),
(95, '7271020511940', 'KISMAN KURNIAWAN', 'PALU', '1994-11-05', 'JL.S. LARIANG NO 32', 'ISLAM', 'WIRASWASTA', 'WNI', '1667440291961181.jpg', '62', 'Y', '2', 'H'),
(96, '7204090805010', 'FAHMI ARIFIN', 'PINJAN', '2001-05-08', 'DESA PINJAN\r\nKEC TOLI-TOLI UTARA', 'ISLAM', 'PELAJAR/MAHASISWA', 'WNI', 'IMG-20230430-WA0002.jpg', '6282339120930', 'Y', '2', 'TH'),
(97, '7210095010020', 'MARYANA', 'ABU DHAB', '2002-10-10', 'JL. POROS PALU BANGGA\r\nDESA PULU', 'ISLAM', 'PELAJAR/MAHASISWA', 'WNI', 'IMG-20230502-WA0000.jpg', '6285825095269', 'Y', '2', 'H'),
(98, '7206096507020', 'JULIATI', 'KARAUPA', '2002-07-24', 'DESA KARAUPA \r\nKEC BUMI RAYA', 'ISLAM', 'PELAJAR/MAHASISWA', 'WNI', 'IMG-20230503-WA0000.jpg', '6282347549791', 'Y', '2', 'H'),
(99, '7203060810010', 'RAHMAT HIDAYAH', 'RERANG', '2021-10-08', 'DESUN III\r\nDESA RERANG', 'ISLAM', 'PELAJAR/MAHASISWA', 'WNI', 'IMG-20230504-WA0005.jpg', '6281256351353', 'Y', '2', 'H'),
(100, '7102135107900', 'FALLEN EKHARISTY GOSAL', 'TONDANO', '1990-07-11', 'JAGA II \r\nDESA KALI \r\nKEC PINELENG', 'KRISTEN', 'MENGURUS RUMAH TANGGA', 'WNI', 'IMG-20230505-WA0000.jpg', '6285756051691', 'Y', '2', 'TH'),
(101, '7271066311950', 'MEGAWATI', 'PALU', '1995-11-23', 'JL. MALONTARA', 'ISLAM', 'PELAJAR/MAHASISWA', 'WNI', 'IMG-20230505-WA0007.jpg', '6281543234121', 'Y', '2', 'H'),
(102, '7205066608030', 'ASTINA S AMIR', 'BUOL', '2003-08-26', 'KELURAHAN BUOL\r\nDESA BUOL\r\nKEC BIAU', 'ISLAM', 'PELAJAR/MAHASISWA', 'WNI', 'IMG-20230505-WA0013.jpg', '6282249382723', 'Y', '2', 'TH'),
(103, '7209051511010', 'FIKRAM', 'BAILO', '1999-11-15', 'JL. CAKALANG\r\nDESA BAILO BARU\r\nKEC AMPANA KOTA', 'ISLAM', 'WIRASWASTA', 'WNI', 'IMG-20230506-WA0013.jpg', '6282290681996', 'Y', '2', 'TH'),
(104, '7208084907000', 'AYU PUSPITA A. KAYA', 'KASIMBAR', '2000-07-09', 'DUSUN LABALANG\r\nDESA KASIMBAR SELATAN\r\nKEC KASIMBAR', 'ISLAM', 'PELAJAR/MAHASISWA', 'WNI', 'IMG-20230506-WA0019.jpg', '6282244463579', 'Y', '2', 'TH'),
(105, '6471055010000', 'AISYAH AULIA TAHIR', 'PINRANG', '2000-10-10', 'BUKIT GRAHA PRAJA INDAH BLOK B3 NO 4', 'ISLAM', 'PELAJAR/MAHASISWA', 'WNI', 'IMG-20230507-WA0009.jpg', '6282353752808', 'Y', '2', 'TH'),
(106, '7324061804900', 'RAHMAD', 'PALU', '1990-04-18', 'DSN. KAU\r\nDESA LAMPENAI\r\nKEC WOTU', 'ISLAM', 'WIRASWASTA', 'WNI', 'IMG-20230507-WA0061.jpg', '6285299321163', 'Y', '2', 'H'),
(107, '7208015411980', 'DEWI YUL', 'SOMBA', '1998-11-14', 'JL. KATOMBO DUSUN I\r\nDESA LEBO\r\nKEC PARIGI', 'ISLAM', 'PELAJAR/MAHASISWA', 'WNI', 'IMG-20230508-WA0004.jpg', '6282193365980', 'Y', '2', 'TH'),
(108, '7208032507880', 'RISARIANTO', 'DONGKAS', '1988-07-25', 'JL. MANTILAYO\r\nDESA MAMBORO\r\nKEC PALU UTARA', 'ISLAM', 'WIRASWASTA', 'WNI', 'IMG-20230509-WA0004.jpg', '6285366904036', 'Y', '2', 'TH'),
(109, '7271011408740', 'AGUSSALIM', 'SELAYAR', '1974-08-14', 'JL OTISTA I NO. 09 A\r\nDESA BESUSU TIMUR\r\nKEC PALU TIMUR', 'ISLAM', 'TUKANG BATU', 'WNI', 'IMG-20230510-WA0008.jpg', '6282247269864', 'Y', '2', 'TH'),
(110, '7208026101970', 'MIFTAHUL JANAH', 'MARANTALE', '1997-01-21', 'DUSUN I\r\nDESA UEVOLO\r\nKEC SINIU', 'ISLAM', 'BELUM/TIDAK BEKERJA', 'WNI', 'IMG-20230511-WA0008.jpg', '6282397854275', 'Y', '2', 'H'),
(111, '7209075008030', 'APRITA SUGE', 'BUNYUMPONDOLU', '2003-08-10', 'DESA MATAKO\r\nKEC TOJOBARAT', 'ISLAM ', 'PELAJAR/MAHASISWA ', 'WNI', 'IMG-20230512-WA0004.jpg', '6282293717101', 'Y', '2', 'H'),
(112, '7101106301970', 'PRILI PRICILIA MARINGKA', 'KANNA', '1997-01-23', 'DUSUN 1\r\nDESA KANNA\r\nKEC DUMOGA', 'ISLAM  ', 'WIRASWASTA ', 'WNI', 'IMG-20230520-WA0008.jpg', '6282217353882', 'Y', '2', 'TH'),
(113, '7202094810000', 'KRESYA GOSAL', 'TENTENA', '2000-10-08', 'DESA BOMBA\r\nKEC LORE SELATAN', 'KRISTEN', 'PELAJAR/MAHASISWA ', 'WNI', 'IMG-20230606-WA0004.jpg', '6281232303203', 'Y', '2', 'H'),
(114, '7207061012020', 'PUTRA SETIAWAN RANDALONGI', 'MESELESEK', '2002-12-10', 'DESA BULAGI DUA\r\nKEC BULAGI', 'KRISTEN ', 'PELAJAR/MAHASISWA ', 'WNI', 'IMG-20230607-WA0003.jpg', '6281342118540', 'Y', '2', 'H'),
(115, '7601014404000', 'ERNA YANTI', 'HIKMA', '2000-04-04', 'DUSUN HIKMA\r\nDEWA POLEWALI', 'ISLAM ', 'BELUM/TIDAK BEKERJA ', 'WNI', 'IMG-20230610-WA0020.jpg', '6287729673363', 'Y', '2', 'TH'),
(116, '7271026208000', 'NURMALA MAYA PIRANTI', 'PALU', '2000-08-22', 'JL . CEMANGI\r\nDESA BOYAOGE', 'ISLAM   ', 'MENGURUS RUMAH TANGGA ', 'WNI', 'IMG-20230610-WA0018.jpg', '6282239377174', 'Y', '2', 'TH'),
(117, '7210024105030', 'PUTRI NALUN', 'KAPIROE', '2003-05-01', 'KAPIROE', 'ISLAM  ', 'PELAJAR/MAHASISWA ', 'WNI', 'IMG-20230612-WA0010.jpg', '6282291638136', 'Y', '2', 'TH'),
(118, '8765438875758', 'DITA AMALIA SYALSYABILA', 'BATURUBE', '2001-12-25', 'DESA UEWWAJU\r\nKEC BUNGKU UTARA', 'ISLAM ', 'PELAJAR/MAHASISWA ', 'WNI', 'IMG-20230614-WA0002.jpg', '6285353295663', 'Y', '2', 'H'),
(119, '7271030211000', 'MUHAMAD FAHRAN', 'PALU', '2000-11-02', 'JL. AR.SALEH NO 50 E\r\nDESA BIROBULI UTARA', 'ISLAM ', 'PELAJAR/MAHASISWA ', 'WNI', 'IMG-20230616-WA0003.jpg', '6281241982994', 'Y', '2', 'TH'),
(120, '7203110806020', 'ADIT', 'TANJUNG PADANG', '2002-06-08', 'JL DURIAN\r\nDESA TANJUNG PADANG\r\nKEC SIRENJA', 'ISLAM ', 'BELUM/TIDAK BEKERJA ', 'WNI', 'IMG-20230623-WA0001.jpg', '6282192000077', 'Y', '2', 'H'),
(121, '7206124509020', 'RAHMAWATI', 'UNGKAYA', '2002-09-05', 'DESA UNGKAYA\r\nKEC WITAPONDA', 'ISLAM  ', 'PELAJAR/MAHASISWA  ', 'WNI', 'IMG-20230625-WA0004.jpg', '6281543282240', 'Y', '2', 'H'),
(122, '7208131412980', 'AKBAR HIDAYAT', 'SIENJO', '1997-12-14', 'DUDUN 1 \r\nDESA SIENJO\r\nKEC TORIBULU', 'ISLAM ', 'PELAJAR/MAHASISWA ', 'WNI', 'IMG-20230626-WA0002.jpg', '6282311521185', 'Y', '2', 'H'),
(123, '7601084806980', 'ZERLINA', 'MAROS', '1998-06-08', 'JL. JABAL RAHMAH II\r\nDESA TALISE VALANGGUNI', 'ISLAM ', 'KARYAWAN', 'WNI', 'IMG-20230701-WA0010.jpg', '6285757196523', 'Y', '2', 'H'),
(124, '7204071211030', 'RIZKY GEMA LAILATUL QODRY', 'SUKABUMI', '2003-11-12', 'BLOK NAPIA', 'ISLAM', 'PELAJAR/MAHASISWA ', 'WNI', 'IMG-20230701-WA0014.jpg', '6287752068989', 'Y', '2', 'H'),
(125, '7208015603030', 'HANA PRIHATINI', 'PARIGI', '2003-03-16', 'JL. PELABUHAN NO.57\r\nDESA LOJI\r\nKEC. PARIGI', 'ISLAM   ', 'PELAJAR/MAHASISWA  ', 'WNI', 'IMG-20230701-WA0006.jpg', '6281256360549', 'Y', '2', 'H'),
(126, '7203144709000', 'SUKMA WATI', 'BALUKANG', '2000-09-07', 'DESA LALAMPU\r\nKEC BAHODOPI', 'ISLAM ', 'BELUM/TIDAK BEKERJA ', 'WNI', 'IMG-20230703-WA0006.jpg', '6282271692365', 'Y', '2', 'H'),
(127, '7210122508740', 'ABRORI', 'TEMANGGUNG', '1974-08-25', 'DESA TULO\r\nKEC DOLU', 'ISLAM  ', 'PEGAWAI NEGERI SIPIL', 'WNI', 'IMG-20230704-WA0005.jpg', '6282258353249', 'Y', '2', 'H'),
(128, '7209034412740', 'NELCE B NASER', 'KALIA', '1974-12-04', 'DSN KALUKUMBEO', 'ISLAM ', 'MENGURUS RUMAH TANGGA ', 'WNI', 'IMG-20230704-WA0008.jpg', '6282192481235', 'Y', '2', 'H'),
(129, '7202015403050', 'RISDAH NINDA RATNASARI', 'POSO', '2005-03-14', 'JL. P . SABANG\r\nDESA KAYAMANYA\r\nKEC POSO KOTA', 'ISLAM ', 'PELAJAR/MAHASISWA ', 'WNI', 'IMG-20230704-WA0010.jpg', '6282189088556', 'Y', '2', 'H'),
(130, '7203246909990', 'FITRIAH', 'SALOYA', '1999-09-29', 'DUDUN II SINOPU\r\nDESA SALOYA \r\nKEC SINDUE TOMBUSABORA', 'ISLAM ', 'WIRASWASTA ', 'WNI', 'IMG-20230705-WA0006.jpg', '6282217981530', 'Y', '2', 'H'),
(131, '7208020305940', 'MOHAMAD TAUFAN, A.Md.Kep', 'AMPIBABO', '1994-05-03', 'PARANGGI \r\nDESA PARANGI\r\nKEC AMPIBABO', 'ISLAM ', 'KARYAWAN HONORER', 'WNI', 'IMG-20230705-WA0001.jpg', '6285757841605', 'Y', '2', 'TH'),
(132, '7203125508790', 'HAPSA', 'TAMBU', '1979-08-15', 'LABUAN\r\nDESA LABUAN LELEA\r\nKEC LABUAN', 'ISLAM ', 'MENGURUS RUMAH TANGGA ', 'WNI', 'IMG-20230704-WA0015.jpg', '6282194839551', 'Y', '2', 'H'),
(133, '7208024811040', 'FIDYA', 'TOGA', '2004-11-08', 'DUSUN II \r\nDESA TOGA\r\nKEC AMPIBABO', 'ISLAM ', 'BELUM/TIDAK BEKERJA ', 'WNI', 'IMG-20230711-WA0002.jpg', '6282358781127', 'Y', '2', 'H'),
(134, '7271011611950', 'WAHYU PRASETYO', 'POSO', '1995-02-16', 'BTN LASOANI BAWAH BLOK M I NO.11 PALU\r\nDESA LASOANI\r\nKEC MANTIKULORE', 'ISLAM ', 'PELAJAR/MAHASISWA ', 'WNI', 'IMG-20230713-WA0001.jpg', '6285317175557', 'Y', '2', 'H'),
(135, '7271011203910', 'KAMRAN', 'PESAKU', '1991-03-12', 'JL. AHMAD YANI I NO 7\r\nDESA BESUSU TENGAH\r\nKEC PALU TIMUR', 'ISLAM ', 'PELAJAR/MAHASISWA ', 'WNI', 'IMG-20230713-WA0003.jpg', '6281243304117', 'Y', '2', 'H'),
(136, '7208076612040', 'NURFADILLA', 'PARIGI MOUTONG', '2004-12-26', 'DUSUN I\r\nDESA LAMBANAU\r\nKEC ONGKA MALINO', 'ISLAM ', 'PELAJAR/MAHASISWA ', 'WNI', 'IMG-20230705-WA0003.jpg', '6282297592106', 'Y', '2', 'H'),
(137, '7208012303960', 'ANDRE ZULKARNAIN R HUSAIN. S. KOM', 'PALU', '1996-03-23', 'JL. PULAU LINDU\r\nDESA MAESAH\r\nKEC PARIGI', 'ISLAM ', 'PELAJAR/MAHASISWA ', 'WNI', 'IMG-20230717-WA0015.jpg', '6282296973348', 'Y', '2', 'H'),
(140, '7501144503820', 'KARIANI PURWANINGSI', 'LUWUK', '1982-03-05', 'DUSUN I \r\nDESA BALANGGALA\r\nKEC AMPANA TETE', 'ISLAM ', 'MENGURUS RUMAH TANGGA  ', 'WNI', 'IMG-20230718-WA0003.jpg', '6282345843909', 'Y', '2', 'H'),
(141, '7208070806970', 'FARIT', 'LAMBUNU', '1998-05-05', 'DESA BOLANO BARAT\r\nKEC BOLANO', 'ISLAM ', 'PETANI/PEKEBUN', 'WNI', 'IMG-20230801-WA0002.jpg', '6282271610895', 'Y', '2', 'H'),
(142, '7317162004010', 'WAHYUDI IRMAWAL', 'BASSIANG', '2001-02-21', 'DUSUN TABANG\r\nDESA BOLONG\r\nKEC WALERANG UTARA', 'ISLAM ', 'PELAJAR/MAHASISWA  ', 'WNI', 'IMG-20230801-WA0010.jpg', '6287850443314', 'Y', '2', 'H'),
(143, '7271031605030', 'HADI CAHYADI', 'PALU', '2003-05-16', 'JL. SINGGANI\r\nDESA MAMBORO BARAT\r\nKEC PALU UTARA', 'ISLAM ', 'PELAJAR/MAHASISWA  ', 'WNI', 'IMG-20230802-WA0001.jpg', '6281335114671', 'Y', '2', 'H'),
(144, '7203046901000', 'KADEK RIASTINI', 'DONGGALA', '2000-01-29', 'RIOMUKTI\r\nKEC RIOPAKAVA', 'HINDU', 'BELUM/TIDAK BEKERJA  ', 'WNI', 'IMG-20230805-WA0007.jpg', '6282348467461', 'Y', '2', 'H'),
(145, '7201044704030', 'ADE AYU DIA LESTARI', 'LUWUK', '2003-04-07', 'JL. RAJAWALI\r\nDESA LUWUK\r\nKEC LUWUK', 'ISLAM ', 'PELAJAR/MAHASISWA  ', 'WNI', 'IMG-20230805-WA0014.jpg', '6282399172223', 'Y', '2', 'H'),
(146, '7201045301010', 'SITI NURLAELA', 'LUWUK', '2001-01-13', 'JL. G. MERAPI\r\nDESA MANGKIO BARU\r\nKEC LUWUK', 'ISLAM ', 'PELAJAR/MAHASISWA  ', 'WNI', '3589_ktp+asli.jpg', '6285341699621', 'Y', '2', 'H'),
(147, '7208042711030', 'MOH. AGIL', 'MOUTONG', '2003-11-27', 'DUSUN III LOBU\r\nDESA LOBU\r\nKEC MOUTONG', 'ISLAM ', 'BELUM/TIDAK BEKERJA', 'WNI', 'IMG-20230807-WA0001.jpg', '6282291440141', 'Y', '2', 'H'),
(148, '7172061706020', 'GHAZALI ISMAIL', 'BITUNG', '2002-06-17', 'LINGKUNGAN III\r\nDESA GIRIAN BAWAH\r\nKEC GIRIAN', 'ISLAM', 'PELAJAR/MAHASISWA  ', 'WNI', 'IMG-20230807-WA0002.jpg', '628971666219', 'Y', '2', 'H'),
(149, '7408066511020', 'ANDI ERVINA RAMADANTI', 'LAPAI', '2002-11-25', 'DESA BUNTA\r\nKEC PETASIA', 'ISLAM ', 'BELUM/TIDAK BEKERJA ', 'WNI', 'IMG-20230807-WA0015.jpg', '6282291928532', 'Y', '2', 'H'),
(150, '7601076710020', 'BELLA OCTAVIANA PUTRI', 'MAMUJU', '2002-10-27', 'JL. ANJASMORO NO.25 LK I\r\nDESA PARE\r\nKEC PARE', 'ISLAM', 'PELAJAR/MAHASISWA', 'WNI', 'IMG-20230807-WA0018.jpg', '6281527682375', 'Y', '2', 'H'),
(151, '7204016412020', 'AISYAH FILLA S RUMI', 'MIMBALA', '2002-12-24', 'DUSUN LENGKO BUNGA\r\nDESA MIMBALA\r\nKEC DAMPAL SELATAN', 'ISLAM ', 'PELAJAR/MAHASISWA ', 'WNI', 'IMG-20230807-WA0016.jpg', '6282197469884', 'Y', '2', 'H'),
(152, '7202074806790', 'ANASTASIA ALLO', 'PINRANG', '1979-06-08', 'DESA ALITUPU\r\nKEC LORE UTARA', 'KATHOLIK', 'MENGURUS RUMAH TANGGA', 'WNI', 'IMG-20230807-WA0020.jpg', '6282291488807', 'Y', '2', 'H'),
(153, '7601024112980', 'RISKAWATI', 'BAMBARIMI', '1998-12-01', 'JL. ANDI DEPU\r\nDESA PASANGKAYU\r\nKEC PASANGKAYU', 'ISLAM', 'PELAJAR/MAHASISWA', 'WNI', 'IMG-20230807-WA0026.jpg', '6281223373172', 'Y', '2', 'H'),
(154, '7271035803010', 'LAILA ALIFAH NUR SYAHRUN', 'PALU', '2001-03-18', 'JL BANTENG BLOK H NO.57 PALU\r\nDESA BIROBULI SELATAN\r\nKEC PALU SELATAN', 'ISLAM ', 'PELAJAR/MAHASISWA ', 'WNI', 'IMG-20230807-WA0023.jpg', '6282136363442', 'Y', '2', 'H'),
(155, '7203184812980', 'SUNARTI', 'LALOMBI', '1998-12-08', 'DUSUN I LALOMBI\r\nDESA LALOMBI\r\nKEC BANAWA SELATAN', 'ISLAM', 'BELUM/TIDAK BEKERJA ', 'WNI', 'IMG-20230808-WA0006.jpg', '6281344960232', 'Y', '2', 'H'),
(156, '7202012711030', 'MUHAMMAD DWI ARYA', 'POSO', '2003-11-27', 'JL. P IRIAN JAYA\r\nDESA KAYAMANYA SENTRAL', 'ISLAM ', 'PELAJAR/MAHASISWA  ', 'WNI', 'IMG-20230808-WA0008.jpg', '6282290607449', 'Y', '2', 'H'),
(157, '3275032502990', 'MUHAMMAD NASHIR RANGGAPODA', 'CIAMIS', '1999-02-25', 'VILA MAS INDAH BLOK A. 7 NO 9', 'ISLAM', 'PELAJAR/MAHASISWA', 'WNI', 'IMG-20230809-WA0001.jpg', '6282211382725', 'Y', '2', 'H'),
(158, '7502022404970', 'BAYU PRASETIYOS MANGSUR, S. Tr. Kep', 'PAGUYAMAN ', '1997-04-24', 'JL. PEYAPATA RAYA\r\nDESA TUNGGULO \r\nKEC TILONGKABILA', 'ISLAM ', 'KARYAWAN HONORER', 'WNI', 'IMG-20230805-WA0013.jpg', '6282293880803', 'Y', '2', 'H'),
(159, '7210010308960', 'SAPRIADIN SAIFUL', 'SIDONDO', '1996-08-03', 'SIDONDO III\r\nKEC SIGI BIROMARU', 'ISLAM', 'PELAJAR/MAHASISWA ', 'WNI', 'IMG-20230808-WA0017.jpg', '6282138879368', 'Y', '2', 'H'),
(160, '7271015201040', 'INDRI YANI', 'PALU ', '2004-01-12', 'HK. TANGGUL\r\nDESA  MARANATHA\r\nKEC SIGI BIROMARU', 'ISLAM ', 'PELAJAR/MAHASISWA', 'WNI', 'IMG-20230810-WA0007.jpg', '6285967170883', 'Y', '2', 'H'),
(161, '7271036303010', 'MAHARANI RUSDI', 'KOTARINDAU', '2001-03-23', 'BTN PALUPI PERMAI BLOK L NO.16 PALU\r\nDESA PALUPI \r\nKEC TATANGA', 'ISLAM', 'BELUM/TIDAK BEKERJA ', 'WNI', 'IMG-20230809-WA0013.jpg', '6289653035433', 'Y', '2', 'H'),
(162, '7202073011030', 'ALFIAN EBEN RANDU BADA', 'PALU', '2003-11-30', 'DESA KADUWAA\r\nKEC LORE UTARA', 'KRISTEN ', 'PELAJAR/MAHASISWA ', 'WNI', 'IMG-20230811-WA0001.jpg', '6282292111357', 'Y', '2', 'H'),
(163, '7203084105000', 'SILVIA RAHIM', 'DONGALA', '2000-05-01', 'JL. TONGKOL\r\nDESA LABUAN BAJO\r\nKEC BANAWA', 'ISLAM ', 'PELAJAR/MAHASISWA  ', 'WNI', 'IMG-20230809-WA0011.jpg', '62', 'Y', '2', 'TH'),
(164, '7205121112940', 'EDWIN DELFIARO DAMAR', 'PALU', '1994-12-11', 'JL CEMPAKA\r\nDESA LEOK 1\r\nKEC BIAU', 'ISLAM  ', 'PELAJAR/MAHASISWA ', 'WNI', 'IMG-20230811-WA0005.jpg', '6285156113883', 'Y', '2', 'TH');

-- --------------------------------------------------------

--
-- Table structure for table `pembayaran`
--

CREATE TABLE `pembayaran` (
  `id_bayar` int(11) NOT NULL,
  `id_huni` int(11) NOT NULL,
  `tgl_tagihan` date NOT NULL,
  `tgl_bayar` date NOT NULL,
  `nominal` int(11) NOT NULL,
  `bukti` text NOT NULL,
  `status_bayar` varchar(10) NOT NULL,
  `bayar_ke` int(11) NOT NULL,
  `op` int(11) NOT NULL
) ENGINE=InnoDB DEFAULT CHARSET=latin1 COLLATE=latin1_swedish_ci;

--
-- Dumping data for table `pembayaran`
--

INSERT INTO `pembayaran` (`id_bayar`, `id_huni`, `tgl_tagihan`, `tgl_bayar`, `nominal`, `bukti`, `status_bayar`, `bayar_ke`, `op`) VALUES
(12, 8, '2023-04-03', '2023-03-03', 650000, 'WhatsApp_Image_2023-03-29_at_14_51_38.jpg', 'SB', 1, 1),
(14, 21, '2023-04-16', '2023-03-19', 550000, 'mbr_lm_6.jpg', 'SB', 1, 1),
(15, 11, '2023-04-28', '2023-03-25', 650000, 'garuda_no_15.jpg', 'SB', 1, 1),
(16, 13, '2023-04-28', '2023-03-28', 650000, 'garuda_no_3.jpg', 'SB', 1, 1),
(18, 17, '2023-04-23', '2023-03-20', 650000, 'garuda_no_19.jpg', 'SB', 1, 1),
(19, 18, '2023-04-18', '2023-03-21', 650000, 'garuda_no_16.jpg', 'SB', 1, 1),
(20, 10, '2023-04-23', '2023-03-22', 550000, 'br3_A1.jpg', 'SB', 1, 1),
(22, 19, '2023-05-18', '2023-03-19', 550000, 'br3_b2.jpg', 'SB', 1, 1),
(23, 20, '2023-04-20', '2023-03-20', 550000, 'br3_13.jpg', 'SB', 1, 1),
(24, 22, '2023-04-18', '2023-03-18', 550000, 'br3_9.jpg', 'SB', 1, 1),
(26, 32, '2023-04-06', '2023-03-06', 650000, 'grd_no_14.jpg', 'SB', 1, 1),
(27, 23, '2023-04-17', '2023-03-17', 550000, 'mbr_lm_7.jpg', 'SB', 1, 1),
(28, 29, '2023-04-11', '2023-03-11', 550000, 'mbr_lm_13.jpg', 'SB', 1, 1),
(31, 26, '2023-04-14', '2023-03-14', 550000, 'br3_no_2.jpg', 'SB', 1, 1),
(32, 27, '2023-04-10', '2023-03-17', 550000, 'br3_c3.jpg', 'SB', 1, 1),
(34, 9, '2023-04-21', '2023-03-22', 550000, 'bb_n0_8.jpg', 'SB', 1, 1),
(35, 12, '2023-04-25', '2023-03-26', 550000, 'bb_no_6.jpg', 'SB', 1, 1),
(36, 28, '2023-04-13', '2023-03-10', 550000, 'bb_no_7.jpg', 'SB', 1, 1),
(39, 45, '2023-04-01', '2023-03-02', 550000, 'mbr_lm_10.jpg', 'SB', 1, 1),
(40, 47, '2023-04-08', '2023-03-08', 550000, 'mbr_lm_18.jpg', 'SB', 1, 1),
(43, 40, '2023-04-01', '2023-03-02', 650000, 'garuda_12.jpg', 'SB', 1, 1),
(44, 49, '2023-04-01', '2023-03-01', 650000, 'garuda_17.jpg', 'SB', 1, 2),
(45, 34, '2023-04-01', '2023-03-01', 650000, 'garuda_20.jpg', 'SB', 1, 2),
(46, 51, '2023-04-01', '2023-03-01', 550000, 'mbr_lm_5.jpg', 'SB', 1, 2),
(47, 51, '2023-05-01', '2023-04-02', 550000, 'mbr_lm_5_april.jpg', 'SB', 2, 2),
(49, 35, '2023-04-08', '2023-03-06', 550000, 'br3_16.jpg', 'SB', 1, 2),
(50, 36, '2023-04-08', '2023-03-26', 550000, 'br3_5.jpg', 'SB', 1, 2),
(53, 48, '2023-04-07', '2023-03-04', 550000, 'br3_no_e_5.jpg', 'SB', 1, 2),
(54, 37, '2023-04-05', '2023-03-10', 550000, 'bb_5.jpg', 'SB', 1, 2),
(61, 45, '2023-05-01', '2023-04-04', 550000, 'WhatsApp_Image_2023-04-04_at_15_57_57.jpg', 'SB', 2, 2),
(65, 40, '2023-05-01', '2023-04-05', 650000, 'IMG-20230405-WA0006.jpg', 'SB', 2, 2),
(66, 56, '2023-04-28', '2023-03-28', 650000, 'GRD_NO_1.jpg', 'SB', 1, 2),
(67, 57, '2023-04-28', '2023-03-31', 550000, 'BR3_NO_8.jpg', 'SB', 1, 2),
(68, 58, '2023-04-28', '2023-03-30', 550000, 'MBR_LM_1.jpg', 'SB', 1, 2),
(70, 60, '2023-04-07', '2023-03-05', 550000, 'MBR_LM_3.jpg', 'SB', 1, 2),
(71, 61, '2023-04-27', '2023-03-30', 650000, 'GRD_NO_4.jpg', 'SB', 1, 2),
(73, 62, '2023-04-28', '2023-03-28', 650000, 'grd_no_6_3_blan.jpg', 'SB', 1, 2),
(74, 62, '2023-05-28', '2023-04-28', 650000, 'grd_no_6_3_blan1.jpg', 'SB', 2, 2),
(75, 62, '2023-06-28', '2023-05-28', 650000, 'grd_no_6_3_blan2.jpg', 'SB', 3, 2),
(76, 35, '2023-05-08', '2023-04-04', 550000, 'br3_no_16.jpg', 'SB', 2, 2),
(77, 63, '2023-04-24', '2023-03-29', 650000, 'grd_no_2.jpg', 'SB', 1, 2),
(80, 66, '2023-04-28', '2023-03-31', 550000, 'BB_NO_9.jpg', 'SB', 1, 2),
(81, 49, '2023-05-01', '2023-04-01', 650000, 'GRD_NO_17.jpg', 'SB', 2, 2),
(84, 68, '2023-04-30', '2023-03-31', 550000, 'MAX_BR3_NO_14.jpg', 'SB', 1, 2),
(86, 70, '2023-05-07', '2023-04-07', 550000, 'IMG-20230406-WA0015.jpg', 'SB', 1, 2),
(87, 48, '2023-05-07', '2023-04-07', 550000, 'IMG-20230407-WA0000.jpg', 'SB', 2, 2),
(88, 8, '2023-05-03', '2023-04-07', 650000, 'IMG-20230407-WA0001.jpg', 'SB', 2, 2),
(89, 28, '2023-05-13', '2023-04-07', 550000, 'IMG-20230407-WA0003.jpg', 'SB', 2, 2),
(90, 32, '2023-05-06', '2023-04-07', 650000, 'GARUDA_14.jpg', 'SB', 2, 2),
(91, 37, '2023-05-05', '2023-04-07', 550000, 'BB_5.jpg', 'SB', 2, 2),
(1002, 34, '2023-05-01', '2023-04-06', 650000, 'grd_20.jpg', 'SB', 2, 2),
(1003, 47, '2023-05-08', '2023-04-08', 550000, 'IMG-20230408-WA0012.jpg', 'SB', 2, 2),
(1004, 60, '2023-05-07', '2023-04-09', 550000, 'IMG-20230409-WA0006.jpg', 'SB', 2, 2),
(1007, 73, '2023-04-28', '2023-03-31', 550000, 'BR3_H_8.jpg', 'SB', 1, 2),
(1012, 77, '2023-04-20', '2023-03-31', 550000, 'BR3_NO_6.jpg', 'SB', 1, 2),
(1013, 78, '2023-04-28', '2023-03-31', 550000, 'BR3_NO_15.jpg', 'SB', 1, 2),
(1014, 79, '2023-04-28', '2023-03-31', 650000, 'GARUDA_13.jpg', 'SB', 1, 2),
(1016, 81, '2023-04-10', '2023-03-16', 550000, 'IMG-20230411-WA0006.jpg', 'SB', 1, 2),
(1017, 81, '2023-05-10', '2023-04-11', 550000, 'IMG-20230411-WA0004.jpg', 'SB', 2, 2),
(1019, 29, '2023-05-11', '2023-04-14', 550000, 'IMG-20230414-WA0000.jpg', 'SB', 2, 2),
(1021, 26, '2023-05-14', '2023-04-14', 550000, 'IMG-20230414-WA0001.jpg', 'SB', 2, 2),
(1023, 23, '2023-05-17', '2023-04-16', 550000, 'IMG-20230416-WA0000.jpg', 'SB', 2, 2),
(1024, 21, '2023-05-16', '2023-04-16', 550000, 'IMG-20230416-WA0001.jpg', 'SB', 2, 2),
(1025, 22, '2023-05-18', '2023-04-17', 550000, 'BR3_9.jpg', 'SB', 2, 2),
(1026, 27, '2023-05-10', '2023-04-17', 550000, 'IMG-20230417-WA0005.jpg', 'SB', 2, 2),
(1027, 70, '2023-06-07', '2023-05-01', 550000, 'mbr_lm_11.jpg', 'SB', 2, 2),
(3302550, 93, '2023-05-28', '2023-05-28', 550000, 'https://api.sultanpalu.com/files/f7a374c6e25372d25d0f987649c89d04-20230606_185132.jpg', 'SB', 2, 6),
(17611897, 88, '2023-07-28', '2023-06-30', 550000, 'https://api.sultanpalu.com/files/708e9b621922d0fdb0a11b75fa8a71b7-IMG-20230630-WA0001.jpg', 'SB', 4, 1),
(21225374, 19, '2023-07-18', '2023-06-21', 550000, 'https://api.sultanpalu.com/files/f847f7cfed1d1e8e784d6d6b7a95479d-20230621_085257.jpg', 'SB', 4, 6),
(37712511, 20, '2023-07-20', '2023-06-24', 550000, 'https://api.sultanpalu.com/files/54832858305d77e8271104b36af17def2-IMG-20230624-WA0007.jpg', 'SB', 4, 1),
(47952350, 11, '2023-08-28', '2023-07-28', 650000, 'https://api.sultanpalu.com/files/c93868b95620627316bbf4313c897a7e-20230728_195735.jpg', 'BB', 5, 6),
(49489223, 51, '2023-08-01', '2023-06-23', 550000, 'https://api.sultanpalu.com/files/d1428c210aea361d55c7ea4f319272a76-IMG-20230623-WA0034.jpg', 'SB', 5, 1),
(55923926, 70, '2023-08-07', '2023-06-23', 550000, 'https://api.sultanpalu.com/files/67420b8cfde02d67bf56e12047683e30-IMG-20230623-WA0002.jpg', 'SB', 4, 1),
(60955998, 10, '2023-07-23', '2023-06-28', 550000, 'https://api.sultanpalu.com/files/d9cf6bfeee9bb60c55dabb9d696d64f2-20230628_172840.jpg', 'SB', 4, 1),
(62388606, 96, '2023-07-05', '2023-06-02', 650000, 'https://api.sultanpalu.com/files/dce3bbaaa3895088aab7b975892957cb-IMG-20230602-WA0008.jpg', 'SB', 2, 1),
(96485015, 79, '2023-05-28', '2023-04-29', 650000, 'https://api.sultanpalu.com/files/99b5ef71a4568623b0d2abbb287819fa-IMG-20230429-WA0024.jpg', 'SB', 2, 1),
(156309472, 11, '2023-06-28', '2023-05-28', 650000, 'https://api.sultanpalu.com/files/7e14952ac9f1006e919f816810573ca8e0-20230528_192947.jpg', 'SB', 3, 6),
(192013821, 12, '2023-07-25', '2023-06-25', 550000, 'https://api.sultanpalu.com/files/114ef56cbed6882ab192dc16c42fbbe7-IMG-20230628-WA0013.jpg', 'SB', 4, 1),
(208533580, 10, '2023-05-23', '2023-04-23', 550000, 'https://api.sultanpalu.com/files/fd5c24104c6add1bdae309a10bd2465e6b-20230426_183350.jpg', 'SB', 2, 6),
(230820667, 93, '2023-08-28', '2023-08-08', 550000, 'https://api.sultanpalu.com/files/9e196e478aaae053b6e9d32b6246a08e-IMG_20230808_182942_972.jpg', 'BB', 5, 6),
(243945478, 58, '2023-07-28', '2023-06-29', 550000, 'https://api.sultanpalu.com/files/3d5e755956ea2cb2baace677cc46af95-IMG-20230629-WA0021.jpg', 'SB', 4, 1),
(252815668, 73, '2023-06-28', '2023-06-09', 550000, 'https://api.sultanpalu.com/files/152af92bd0a646dc9af94e67b9c6ab75-20230609_225426.jpg', 'SB', 3, 6),
(257660747, 96, '2023-08-05', '2023-07-05', 650000, 'https://api.sultanpalu.com/files/6ddb7f127fe119a7ca6381d47609fdac-IMG-20230704-WA0026.jpeg', 'SB', 3, 1),
(311970366, 19, '2023-08-18', '2023-07-18', 550000, 'https://api.sultanpalu.com/files/859ab693256cfd2439af10589391081c82-20230719_224100.jpg', 'BB', 5, 6),
(324480736, 63, '2023-07-24', '2023-06-24', 650000, 'https://api.sultanpalu.com/files/2a443af824e0f4e8d7138ac76e739fda-IMG-20230620-WA0042.jpg', 'SB', 4, 1),
(324790688, 117, '2023-07-05', '2023-06-04', 550000, 'https://api.sultanpalu.com/files/e0bde54871b671c1e20b6cddfdbe109fa-IMG-20230604-WA0009.jpg', 'SB', 3, 1),
(333032456, 20, '2023-06-20', '2023-05-19', 550000, 'https://api.sultanpalu.com/files/4013bb8eb6d5685f7f625cc1c3e1b4ee-20230519_092429.jpg', 'SB', 3, 6),
(347465988, 60, '2023-07-07', '2023-06-10', 550000, 'https://api.sultanpalu.com/files/76a42696ce5386d585ff5910c510759cf2-IMG-20230610-WA0035.jpg', 'SB', 4, 1),
(372216344, 81, '2023-07-10', '2023-06-10', 550000, 'https://api.sultanpalu.com/files/badb39812cc757e155f98ea68b412b5e-20230612_093359.jpg', 'SB', 4, 6),
(397386140, 61, '2023-07-27', '2023-06-28', 650000, 'https://api.sultanpalu.com/files/cfbeb10b8a191585f310104fb6a35811665-IMG-20230628-WA0012.jpg', 'SB', 4, 1),
(440723746, 93, '2023-07-28', '2023-07-06', 550000, 'https://api.sultanpalu.com/files/8ffcf787e6b4911de8fd2d10cb2f71161-20230706_184505.jpg', 'SB', 4, 6),
(500386096, 81, '2023-06-10', '2023-05-14', 550000, 'https://api.sultanpalu.com/files/0e57933b32ce2104885769086ef11d9ed-20230514_213310.jpg', 'SB', 3, 6),
(509249674, 49, '2023-08-01', '2023-07-01', 650000, 'https://api.sultanpalu.com/files/4d79359c2b9be8710fa7b7548efe36351-IMG-20230701-WA0040.jpeg', 'SB', 5, 1),
(550509577, 78, '2023-06-28', '2023-06-12', 550000, 'https://api.sultanpalu.com/files/c7fac2fe710ace34ebb15b56e5d5d6999-20230612_093359.jpg', 'SB', 3, 6),
(560145671, 28, '2023-08-13', '2023-07-08', 550000, 'https://api.sultanpalu.com/files/55feabe36104c9f79073a6f4492c98529-IMG-20230708-WA0012.jpg', 'SB', 5, 1),
(580014028, 17, '2023-05-23', '2023-04-19', 650000, 'IMG-20230419-WA0001.jpg', 'SB', 2, 2),
(580014029, 84, '2023-04-21', '2023-03-31', 550000, 'IMG-20230420-WA0000.jpg', 'SB', 1, 2),
(580014030, 84, '2023-05-21', '2023-04-20', 550000, 'IMG-20230420-WA00001.jpg', 'SB', 2, 2),
(580014031, 20, '2023-05-20', '2023-04-20', 550000, 'IMG-20230420-WA0001.jpg', 'SB', 2, 2),
(580014032, 36, '2023-05-08', '2023-04-20', 550000, 'IMG-20230420-WA0002.jpg', 'SB', 2, 2),
(580014033, 18, '2023-05-18', '2023-04-21', 650000, 'IMG-20230421-WA0000.jpg', 'SB', 2, 2),
(580014036, 9, '2023-05-21', '2023-04-24', 550000, 'IMG-20230424-WA0001.jpg', 'SB', 2, 2),
(597720488, 93, '2023-06-28', '2023-05-28', 550000, 'https://api.sultanpalu.com/files/e19e7afffced20763ebd4c10497ce856c-20230606_185132.jpg', 'SB', 3, 6),
(612879498, 27, '2023-06-10', '2023-05-18', 550000, 'https://api.sultanpalu.com/files/c7e51d06196deb35494e122d8097672c-IMG_20230518_200604_692.jpg', 'SB', 3, 6),
(664560487, 18, '2023-07-18', '2023-06-19', 650000, 'https://api.sultanpalu.com/files/2e22e89b399110a9a3010fd71880f50a83-IMG-20230619-WA0045.jpg', 'SB', 4, 1),
(689692519, 48, '2023-08-07', '2023-07-01', 550000, 'https://api.sultanpalu.com/files/514d9e81593107b499c15b8b2657fd63a-IMG-20230701-WA0001.jpg', 'SB', 5, 1),
(711057167, 40, '2023-08-01', '2023-07-01', 650000, 'https://api.sultanpalu.com/files/cd5a4f3d5b4dbe9eb625dffd6916eec1-20230701_064427.jpg', 'SB', 5, 1),
(715031531, 57, '2023-07-28', '2023-07-05', 550000, 'https://api.sultanpalu.com/files/47a44bc9ccc2f13a5ca41082c997ea649-VID-20230703-WA0012.mp4', 'SB', 4, 1),
(756512104, 56, '2023-07-28', '2023-06-29', 650000, 'https://api.sultanpalu.com/files/198b19c480c3ca1017a48c4149b385460-IMG-20230629-WA0021.jpg', 'SB', 4, 1),
(799092257, 17, '2023-07-23', '2023-06-20', 650000, 'https://api.sultanpalu.com/files/816358be8a5e6ca228883f471ef567e1-IMG-20230620-WA0042.jpg', 'SB', 4, 1),
(805072518, 61, '2023-08-27', '2023-07-27', 650000, 'https://api.sultanpalu.com/files/7e9a179d43b57a1dc105f5bc75be98d7f-20230726_195117.jpg', 'BB', 5, 6),
(830018648, 61, '2023-05-27', '2023-04-27', 650000, 'https://api.sultanpalu.com/files/6bd10def104a9a0369c3a368e100a5c1362-20230427_194632.jpg', 'SB', 2, 6),
(845568909, 36, '2023-07-08', '2023-07-01', 550000, 'https://api.sultanpalu.com/files/5ad6ca4f55caba8b9a44dc3f3921093fd-20230701_185924.jpg', 'SB', 4, 6),
(845644199, 62, '2023-07-28', '2023-06-29', 650000, 'https://api.sultanpalu.com/files/41a03fd595b5edfc29332171010bf1505b-IMG-20230629-WA0024.jpg', 'SB', 4, 1),
(850776710, 139, '2023-09-06', '2023-07-27', 550000, 'https://api.sultanpalu.com/files/aa09769f534b03fee4f6ca1a0c9496e3-IMG-20230727-WA0005.jpg', 'BB', 2, 1),
(884819981, 40, '2023-09-01', '2023-08-02', 650000, 'https://api.sultanpalu.com/files/d610f2f3f81a6e784e779ab08b2ff8f81-IMG-20230802-WA0017.jpg', 'BB', 6, 1),
(914823160, 77, '2023-05-20', '2023-04-20', 550000, 'https://api.sultanpalu.com/files/dcf821ab53b1da7451f5be8010d7cc6c-20230425_001048.jpg', 'SB', 2, 6),
(914823161, 86, '2023-05-26', '2023-04-26', 550000, 'IMG-20230426-WA0003.jpg', 'SB', 1, 2),
(914823163, 11, '2023-05-28', '2023-04-26', 650000, 'IMG-20230426-WA0025.jpg', 'SB', 2, 2),
(914823165, 88, '2023-04-28', '2023-03-30', 550000, 'IMG-20230427-WA0002.jpg', 'SB', 1, 2),
(914823166, 88, '2023-05-28', '2023-04-27', 550000, 'IMG-20230427-WA0001.jpg', 'SB', 2, 2),
(914823168, 12, '2023-05-25', '2023-04-27', 550000, 'IMG-20230427-WA0005.jpg', 'SB', 2, 2),
(914823170, 58, '2023-05-28', '2023-04-29', 550000, 'IMG-20230429-WA0000.jpg', 'SB', 2, 2),
(914823171, 13, '2023-05-28', '2023-04-29', 650000, 'IMG-20230429-WA0002.jpg', 'SB', 2, 2),
(914823172, 51, '2023-06-01', '2023-05-01', 550000, 'IMG-20230429-WA0004.jpg', 'SB', 3, 2),
(914823173, 93, '2023-04-28', '2023-03-31', 550000, 'IMG-20230425-WA0001.jpg', 'SB', 1, 2),
(914823175, 63, '2023-05-24', '2023-04-30', 650000, 'IMG-20230501-WA0000.jpg', 'SB', 2, 2),
(914823176, 49, '2023-06-01', '2023-05-01', 650000, 'IMG-20230501-WA0001.jpg', 'SB', 3, 2),
(914823179, 95, '2023-06-04', '2023-05-02', 600000, 'IMG-20230502-WA0001.jpg', 'SB', 1, 2),
(914823180, 45, '2023-06-01', '2023-05-02', 550000, 'IMG-20230502-WA0005.jpg', 'SB', 3, 2),
(914823181, 57, '2023-05-28', '2023-04-30', 550000, 'IMG-20230502-WA0004.jpg', 'SB', 2, 2),
(914823182, 96, '2023-06-05', '2023-05-05', 650000, 'IMG-20230503-WA0001.jpg', 'SB', 1, 2),
(914823183, 68, '2023-05-30', '2023-04-30', 550000, 'IMG-20230504-WA0001.jpg', 'SB', 2, 2),
(914823184, 8, '2023-06-03', '2023-05-04', 650000, 'IMG-20230504-WA0002.jpg', 'SB', 3, 2),
(914823185, 97, '2023-06-05', '2023-05-05', 550000, 'IMG-20230504-WA0006.jpg', 'SB', 1, 2),
(914823190, 34, '2023-06-01', '2023-05-05', 650000, 'IMG-20230505-WA0012.jpg', 'SB', 3, 2),
(914823191, 73, '2023-05-28', '2023-04-30', 550000, 'IMG-20230505-WA0014.jpg', 'SB', 2, 2),
(914823192, 56, '2023-05-28', '2023-04-30', 650000, 'IMG-20230506-WA0000.jpg', 'SB', 2, 2),
(914823193, 66, '2023-05-28', '2023-04-30', 550000, 'IMG-20230506-WA0005.jpg', 'SB', 2, 2),
(914823194, 32, '2023-06-06', '2023-05-06', 650000, 'IMG-20230506-WA0006.jpg', 'SB', 3, 2),
(914823195, 40, '2023-06-01', '2023-05-06', 650000, 'IMG-20230506-WA0008.jpg', 'SB', 3, 2),
(914823197, 78, '2023-05-28', '2023-04-30', 550000, 'IMG-20230506-WA0014.jpg', 'SB', 2, 2),
(914823198, 35, '2023-06-08', '2023-05-06', 550000, 'IMG-20230506-WA0015.jpg', 'SB', 3, 2),
(914823202, 106, '2023-06-10', '2023-05-10', 950000, 'IMG-20230507-WA00591.jpg', 'SB', 1, 2),
(914823205, 48, '2023-06-07', '2023-05-05', 550000, 'IMG-20230508-WA0005.jpg', 'SB', 3, 2),
(914823208, 60, '2023-06-07', '2023-05-10', 550000, 'IMG-20230510-WA0003.jpg', 'SB', 3, 2),
(914823210, 47, '2023-06-08', '2023-05-10', 550000, 'IMG-20230510-WA0010.jpg', 'SB', 3, 2),
(914823211, 28, '2023-06-13', '2023-05-11', 550000, 'IMG-20230511-WA0000.jpg', 'SB', 3, 2),
(914823213, 29, '2023-06-11', '2023-05-11', 550000, 'IMG-20230511-WA0012.jpg', 'SB', 3, 2),
(914823214, 110, '2023-05-11', '2023-04-11', 550000, 'IMG-20230409-WA00061.jpg', 'SB', 1, 2),
(914823215, 110, '2023-06-11', '2023-05-12', 550000, 'IMG-20230512-WA0000.jpg', 'SB', 2, 2),
(914823217, 112, '2023-06-13', '2023-05-13', 550000, 'IMG-20230512-WA0002.jpg', 'SB', 1, 2),
(914823218, 26, '2023-06-14', '2023-05-14', 550000, 'IMG-20230514-WA00071.jpg', 'SB', 3, 2),
(914823220, 113, '2023-06-17', '2023-05-17', 550000, 'IMG-20230511-WA0007.jpg', 'SB', 1, 2),
(914823221, 22, '2023-06-18', '2023-05-18', 550000, 'IMG-20230518-WA0000.jpg', 'SB', 3, 2),
(914823222, 23, '2023-06-17', '2023-05-18', 550000, 'IMG-20230518-WA0001.jpg', 'SB', 3, 2),
(914823223, 37, '2023-06-05', '2023-05-06', 550000, 'IMG-20230519-WA0018.jpg', 'SB', 3, 2),
(914823224, 21, '2023-06-16', '2023-05-19', 550000, 'IMG-20230519-WA0017.jpg', 'SB', 3, 2),
(914823227, 18, '2023-06-18', '2023-05-18', 650000, 'IMG-20230520-WA0010.jpg', 'SB', 3, 2),
(914823228, 17, '2023-06-23', '2023-05-20', 650000, 'IMG-20230520-WA0000.jpg', 'SB', 3, 2),
(914823229, 19, '2023-05-18', '2023-04-19', 550000, 'IMG-20230520-WA0015.jpg', 'SB', 2, 2),
(914823231, 77, '2023-06-20', '2023-05-21', 550000, 'IMG-20230521-WA0000.jpg', 'SB', 3, 2),
(914823232, 19, '2023-06-18', '2023-05-20', 550000, 'IMG-20230520-WA0016.jpg', 'SB', 3, 2),
(914823233, 9, '2023-06-21', '2023-05-22', 550000, 'IMG-20230522-WA0005.jpg', 'SB', 3, 2),
(914823236, 115, '2023-05-25', '2023-04-25', 550000, 'IMG-20230422-WA00031.jpg', 'SB', 1, 2),
(914823238, 70, '2023-07-07', '2023-06-01', 550000, 'IMG-20230525-WA0001.jpg', 'SB', 3, 2),
(914823240, 115, '2023-06-25', '2023-05-25', 550000, 'IMG-20230525-WA0003.jpg', 'SB', 2, 2),
(914823241, 117, '2023-05-05', '2023-04-05', 550000, 'mbr_lm_201.jpg', 'SB', 1, 2),
(914823242, 117, '2023-06-05', '2023-05-05', 550000, 'IMG-20230425-WA00021.jpg', 'SB', 2, 2),
(914823243, 40, '2023-07-01', '2023-06-01', 650000, 'IMG-20230526-WA00001.jpg', 'SB', 4, 2),
(914823245, 51, '2023-07-01', '2023-06-01', 550000, 'IMG-20230527-WA0003.jpg', 'SB', 4, 2),
(914823246, 61, '2023-06-27', '2023-05-27', 650000, 'IMG-20230527-WA0006.jpg', 'SB', 3, 2),
(914823247, 12, '2023-06-25', '2023-05-27', 550000, 'IMG-20230527-WA0008.jpg', 'SB', 3, 2),
(914823248, 86, '2023-06-26', '2023-05-27', 550000, 'IMG-20230527-WA0009.jpg', 'SB', 2, 2),
(914823250, 10, '2023-06-23', '2023-05-27', 550000, 'IMG-20230528-WA0002.jpg', 'SB', 3, 2),
(914823251, 56, '2023-06-28', '2023-05-28', 650000, 'IMG-20230529-WA00011.jpg', 'SB', 3, 2),
(914823252, 13, '2023-06-28', '2023-05-28', 650000, 'IMG-20230529-WA0002.jpg', 'SB', 3, 2),
(914823253, 58, '2023-06-28', '2023-05-28', 550000, 'IMG-20230529-WA0000.jpg', 'SB', 3, 2),
(914823254, 79, '2023-06-28', '2023-05-29', 650000, 'IMG-20230529-WA0008.jpg', 'SB', 3, 2),
(914823255, 68, '2023-06-30', '2023-05-31', 550000, 'IMG-20230531-WA0003.jpg', 'SB', 3, 2),
(914823256, 49, '2023-07-01', '2023-06-01', 650000, 'IMG-20230601-WA0000.jpg', 'SB', 4, 2),
(914823257, 36, '2023-06-08', '2023-05-31', 550000, 'IMG-20230531-WA0005.jpg', 'SB', 3, 2),
(914823258, 118, '2023-04-28', '2023-03-31', 650000, 'IMG-20230530-WA0000.jpg', 'SB', 1, 2),
(914823259, 118, '2023-05-28', '2023-04-30', 650000, 'IMG-20230530-WA00001.jpg', 'SB', 2, 2),
(914823260, 88, '2023-06-28', '2023-05-31', 550000, 'IMG-20230602-WA0003.jpg', 'SB', 3, 2),
(914823261, 57, '2023-06-28', '2023-05-31', 550000, 'IMG-20230531-WA0006.jpg', 'SB', 3, 2),
(914823262, 97, '2023-07-05', '2023-06-02', 550000, 'IMG-20230602-WA0009.jpg', 'SB', 2, 2),
(914823263, 45, '2023-07-01', '2023-06-02', 550000, 'IMG-20230602-WA0008.jpg', 'SB', 4, 2),
(914823264, 35, '2023-07-08', '2023-06-02', 550000, 'IMG-20230603-WA0000.jpg', 'SB', 4, 2),
(914823265, 34, '2023-07-01', '2023-06-03', 650000, 'IMG-20230603-WA0008.jpg', 'SB', 4, 2),
(914823266, 95, '2023-07-04', '2023-06-04', 600000, 'IMG-20230604-WA0004.jpg', 'SB', 2, 2),
(914823267, 37, '2023-07-05', '2023-06-04', 550000, 'IMG-20230604-WA0005.jpg', 'SB', 4, 2),
(914823268, 48, '2023-07-07', '2023-06-05', 550000, 'IMG-20230605-WA0000.jpg', 'SB', 4, 2),
(914823269, 84, '2023-06-21', '2023-05-31', 550000, 'IMG-20230605-WA0004.jpg', 'SB', 3, 2),
(914823270, 119, '2023-06-20', '2023-05-20', 550000, 'IMG-20230505-WA00091.jpg', 'SB', 1, 2),
(914823271, 8, '2023-07-03', '2023-06-06', 650000, 'IMG-20230606-WA0000.jpg', 'SB', 4, 2),
(914823272, 120, '2023-07-10', '2023-06-10', 550000, 'IMG-20230606-WA0005.jpg', 'BB', 1, 2),
(914823274, 66, '2023-06-28', '2023-05-31', 550000, 'IMG-20230606-WA0011.jpg', 'SB', 3, 2),
(914823275, 121, '2023-07-08', '2023-06-07', 650000, 'IMG-20230607-WA0002.jpg', 'SB', 1, 2),
(914823276, 63, '2023-06-24', '2023-06-07', 650000, 'IMG-20230607-WA0000.jpg', 'SB', 3, 2),
(914823278, 32, '2023-07-06', '2023-06-09', 650000, 'IMG-20230609-WA0018.jpg', 'SB', 4, 2),
(914823283, 47, '2023-07-08', '2023-06-12', 550000, '20230612_173606.jpg', 'SB', 4, 2),
(914823284, 106, '2023-07-10', '2023-06-05', 950000, 'IMG-20230612-WA0015.jpg', 'SB', 2, 2),
(914823285, 29, '2023-07-11', '2023-06-12', 550000, 'IMG-20230612-WA0019.jpg', 'SB', 4, 2),
(914823286, 28, '2023-07-13', '2023-06-11', 550000, 'IMG-20230613-WA0002.jpg', 'SB', 4, 2),
(914823287, 112, '2023-07-13', '2023-06-13', 550000, 'IMG-20230613-WA0006.jpg', 'SB', 2, 2),
(914823288, 126, '2023-07-16', '2023-06-15', 500000, 'IMG-20230615-WA0001.jpg', 'SB', 1, 2),
(914823289, 21, '2023-07-16', '2023-06-15', 550000, 'IMG-20230615-WA0003.jpg', 'SB', 4, 2),
(914823290, 26, '2023-07-14', '2023-06-16', 550000, 'IMG-20230616-WA0000.jpg', 'SB', 4, 2),
(914823292, 113, '2023-07-17', '2023-06-16', 550000, 'IMG-20230616-WA0007.jpg', 'SB', 2, 2),
(914823293, 23, '2023-07-17', '2023-06-17', 550000, 'IMG-20230617-WA0000.jpg', 'SB', 4, 2),
(914823294, 27, '2023-07-10', '2023-06-18', 550000, 'IMG-20230618-WA0011.jpg', 'SB', 4, 2),
(914823295, 110, '2023-07-11', '2023-06-18', 550000, 'IMG-20230618-WA0000.jpg', 'SB', 3, 2),
(914823296, 22, '2023-07-18', '2023-06-18', 550000, 'IMG-20230618-WA0010.jpg', 'SB', 4, 2),
(914823299, 119, '2023-07-20', '2023-06-19', 550000, 'IMG-20230619-WA0000.jpg', 'SB', 2, 2),
(914823300, 9, '2023-07-21', '2023-06-24', 550000, 'IMG-20230624-WA0000.jpg', 'SB', 4, 2),
(914823301, 115, '2023-07-25', '2023-06-25', 550000, 'IMG-20230625-WA0000.jpg', 'SB', 3, 2),
(914823303, 129, '2023-07-23', '2023-06-23', 550000, 'IMG-20230623-WA0002.jpg', 'SB', 1, 2),
(914823304, 11, '2023-07-28', '2023-06-25', 650000, 'IMG-20230625-WA0003.jpg', 'SB', 4, 2),
(914823305, 77, '2023-07-20', '2023-06-26', 550000, 'IMG-20230626-WA0001.jpg', 'SB', 4, 2),
(914823306, 84, '2023-07-21', '2023-06-26', 550000, 'IMG-20230626-WA0005.jpg', 'SB', 4, 2),
(914823307, 130, '2023-08-01', '2023-07-01', 550000, 'IMG-20230626-WA0003.jpg', 'SB', 1, 2),
(914823310, 13, '2023-07-28', '2023-06-30', 650000, 'IMG-20230630-WA0000.jpg', 'SB', 4, 2),
(914823311, 68, '2023-07-30', '2023-06-30', 550000, 'IMG-20230701-WA0003.jpg', 'SB', 4, 2),
(914823312, 66, '2023-07-28', '2023-06-30', 550000, 'IMG-20230701-WA0004.jpg', 'SB', 4, 2),
(914823313, 131, '2023-08-07', '2023-07-07', 700000, 'IMG-20230701-WA0011.jpg', 'SB', 1, 2),
(914823314, 132, '2023-08-05', '2023-07-05', 550000, 'IMG-20230701-WA0007.jpg', 'SB', 1, 2),
(914823315, 97, '2023-08-05', '2023-07-02', 550000, 'IMG-20230702-WA0001.jpg', 'SB', 3, 2),
(914823317, 134, '2023-08-03', '2023-07-03', 600000, 'IMG-20230703-WA00071.jpg', 'SB', 1, 2),
(914823318, 135, '2023-08-03', '2023-07-01', 550000, 'IMG-20230701-WA0008.jpg', 'SB', 1, 2),
(914823319, 86, '2023-07-26', '2023-07-02', 550000, 'IMG-20230702-WA0007.jpg', 'SB', 3, 2),
(914823320, 95, '2023-08-04', '2023-07-03', 600000, 'IMG-20230703-WA0011.jpg', 'SB', 3, 2),
(914823321, 45, '2023-08-01', '2023-07-03', 550000, 'IMG-20230704-WA0000.jpg', 'SB', 5, 2),
(914823322, 136, '2023-08-07', '2023-07-07', 550000, '16884510273822114274661746882812.jpg', 'SB', 1, 2),
(914823323, 8, '2023-08-03', '2023-07-04', 650000, 'IMG-20230704-WA0004.jpg', 'SB', 5, 2),
(914823324, 34, '2023-08-01', '2023-07-04', 650000, 'IMG-20230704-WA0011.jpg', 'SB', 5, 2),
(914823325, 137, '2023-08-08', '2023-07-08', 600000, '16885268528216861539328706683695.jpg', 'SB', 1, 2),
(914823327, 139, '2023-08-06', '2023-07-06', 550000, 'IMG-20230705-WA0005.jpg', 'SB', 1, 2),
(914823329, 37, '2023-08-05', '2023-07-05', 550000, 'IMG-20230705-WA0010.jpg', 'SB', 5, 2),
(914823330, 117, '2023-08-05', '2023-07-05', 550000, 'IMG-20230705-WA0015.jpg', 'SB', 4, 2),
(914823331, 35, '2023-08-08', '2023-07-05', 550000, 'IMG-20230705-WA0017.jpg', 'SB', 5, 2),
(914823332, 141, '2023-08-08', '2023-07-08', 550000, 'IMG-20230704-WA0014.jpg', 'SB', 1, 2),
(914823334, 32, '2023-08-06', '2023-07-06', 650000, 'IMG-20230706-WA0021.jpg', 'SB', 5, 2),
(914823335, 121, '2023-08-08', '2023-07-07', 650000, 'IMG-20230707-WA0006.jpg', 'SB', 2, 2),
(914823336, 79, '2023-07-28', '2023-06-30', 650000, 'IMG-20230708-WA0000.jpg', 'SB', 4, 2),
(914823337, 106, '2023-08-10', '2023-07-07', 950000, 'IMG-20230707-WA0002.jpg', 'SB', 3, 2),
(914823338, 47, '2023-08-08', '2023-07-10', 550000, 'IMG-20230710-WA0002.jpg', 'SB', 5, 2),
(914823340, 142, '2023-09-05', '2023-08-05', 550000, 'IMG-20230711-WA0003.jpg', 'BB', 1, 2),
(914823341, 143, '2023-08-28', '2023-07-28', 550000, 'IMG-20230704-WA00091.jpg', 'BB', 1, 2),
(914823342, 78, '2023-07-28', '2023-06-30', 550000, 'IMG-20230712-WA0000.jpg', 'SB', 4, 2),
(914823344, 145, '2023-08-15', '2023-07-15', 800000, 'IMG-20230713-WA00001.jpg', 'BB', 1, 2),
(914823345, 81, '2023-08-10', '2023-07-13', 550000, '16892989908756629060490253856726.jpg', 'BB', 5, 2),
(914823346, 112, '2023-08-13', '2023-07-13', 550000, 'IMG-20230714-WA0002.jpg', 'BB', 3, 2),
(914823347, 146, '2023-08-17', '2023-07-17', 600000, '16893015486254116627016753672539.jpg', 'BB', 1, 2),
(914823348, 147, '2023-08-29', '2023-07-28', 550000, 'IMG-20230705-WA0002.jpg', 'BB', 1, 2),
(914823349, 118, '2023-06-28', '2023-05-31', 650000, 'IMG-20230714-WA0007.jpg', 'BB', 3, 2),
(914823350, 29, '2023-08-11', '2023-07-14', 550000, 'IMG-20230714-WA0009.jpg', 'BB', 5, 2),
(914823351, 60, '2023-08-07', '2023-07-15', 550000, '16893925671305581510267508640675.jpg', 'BB', 5, 2),
(914823352, 26, '2023-08-14', '2023-07-15', 550000, 'IMG-20230715-WA0002.jpg', 'BB', 5, 2),
(914823353, 23, '2023-08-17', '2023-07-17', 550000, 'IMG-20230717-WA0000.jpg', 'BB', 5, 2),
(914823354, 21, '2023-08-16', '2023-07-17', 550000, 'IMG-20230717-WA0001.jpg', 'BB', 5, 2),
(914823355, 113, '2023-08-17', '2023-07-17', 550000, 'IMG-20230717-WA0003.jpg', 'BB', 3, 2),
(914823356, 22, '2023-08-18', '2023-07-16', 550000, 'IMG-20230717-WA0002.jpg', 'BB', 5, 2),
(914823357, 119, '2023-08-20', '2023-07-17', 550000, 'IMG-20230717-WA0008.jpg', 'BB', 3, 2),
(914823358, 148, '2023-09-01', '2023-08-01', 550000, 'IMG-20230717-WA0010.jpg', 'SB', 1, 2),
(914823359, 149, '2023-08-18', '2023-07-18', 700000, 'IMG-20230717-WA0013.jpg', 'BB', 1, 2),
(914823360, 126, '2023-08-16', '2023-07-17', 500000, 'IMG-20230717-WA0012.jpg', 'BB', 2, 2),
(914823362, 27, '2023-08-10', '2023-07-17', 550000, 'IMG-20230718-WA0000.jpg', 'SB', 5, 2),
(914823363, 110, '2023-08-11', '2023-07-17', 550000, 'IMG-20230718-WA0001.jpg', 'BB', 4, 2),
(914823364, 150, '2023-08-20', '2023-07-20', 600000, 'IMG-20230718-WA0002.jpg', 'BB', 1, 2),
(914823365, 20, '2023-08-20', '2023-07-20', 550000, 'IMG-20230720-WA0001.jpg', 'BB', 5, 2),
(914823366, 17, '2023-08-23', '2023-07-21', 700000, 'IMG-20230721-WA0000.jpg', 'BB', 5, 2),
(914823367, 9, '2023-08-21', '2023-07-21', 550000, 'IMG-20230721-WA0002.jpg', 'BB', 5, 2),
(914823368, 63, '2023-08-24', '2023-07-23', 650000, 'IMG-20230723-WA0007.jpg', 'BB', 5, 2),
(914823369, 129, '2023-08-23', '2023-07-22', 550000, 'IMG-20230723-WA0006.jpg', 'BB', 2, 2),
(914823370, 115, '2023-08-25', '2023-07-25', 550000, 'IMG-20230725-WA0000.jpg', 'BB', 4, 2),
(914823371, 77, '2023-08-20', '2023-07-25', 550000, 'IMG-20230725-WA0001.jpg', 'BB', 5, 2),
(914823372, 70, '2023-09-07', '2023-07-25', 550000, 'IMG-20230725-WA0005.jpg', 'BB', 5, 2),
(914823373, 12, '2023-08-25', '2023-07-25', 550000, 'IMG-20230725-WA0008.jpg', 'BB', 5, 2),
(914823374, 86, '2023-08-26', '2023-07-26', 550000, 'IMG-20230726-WA0000.jpg', 'BB', 4, 2),
(914823375, 10, '2023-08-23', '2023-07-25', 550000, 'IMG-20230726-WA0002.jpg', 'BB', 5, 2),
(914823376, 51, '2023-09-01', '2023-08-01', 550000, 'IMG-20230726-WA0005.jpg', 'BB', 6, 2),
(914823377, 18, '2023-08-18', '2023-07-26', 650000, 'IMG-20230726-WA0006.jpg', 'BB', 5, 2),
(914823378, 79, '2023-08-28', '2023-07-26', 650000, 'IMG-20230726-WA0009.jpg', 'BB', 5, 2),
(914823379, 62, '2023-08-28', '2023-07-28', 650000, 'IMG-20230728-WA0001.jpg', 'BB', 5, 2),
(914823380, 13, '2023-08-28', '2023-07-28', 650000, 'IMG-20230728-WA0002.jpg', 'BB', 5, 2),
(914823381, 58, '2023-08-28', '2023-07-28', 550000, 'IMG-20230729-WA0000.jpg', 'BB', 5, 2),
(914823382, 56, '2023-08-28', '2023-07-29', 650000, 'IMG-20230729-WA0006.jpg', 'BB', 5, 2),
(914823383, 151, '2023-08-24', '2023-07-24', 700000, 'IMG-20230723-WA0005.jpg', 'BB', 1, 2),
(914823384, 68, '2023-08-30', '2023-07-31', 550000, 'IMG-20230731-WA0001.jpg', 'BB', 5, 2),
(914823385, 132, '2023-09-05', '2023-08-01', 600000, 'IMG-20230731-WA0003.jpg', 'BB', 2, 2),
(914823386, 49, '2023-09-01', '2023-08-01', 650000, 'IMG-20230801-WA0000.jpg', 'BB', 6, 2),
(914823387, 88, '2023-08-28', '2023-07-31', 600000, 'IMG-20230801-WA0003.jpg', 'BB', 5, 2),
(914823388, 152, '2023-09-01', '2023-08-01', 600000, 'IMG-20230801-WA0001.jpg', 'BB', 1, 2),
(914823389, 57, '2023-08-28', '2023-07-31', 550000, 'IMG-20230801-WA0013.jpg', 'BB', 5, 2),
(914823390, 84, '2023-08-21', '2023-07-31', 550000, 'IMG-20230801-WA0017.jpg', 'BB', 5, 2),
(914823391, 97, '2023-09-05', '2023-08-02', 550000, 'IMG-20230802-WA0003.jpg', 'BB', 4, 2),
(914823392, 130, '2023-09-01', '2023-08-01', 550000, 'IMG-20230801-WA0020.jpg', 'BB', 2, 2),
(914823393, 34, '2023-09-01', '2023-08-02', 650000, 'IMG-20230802-WA0010.jpg', 'BB', 6, 2),
(914823394, 73, '2023-07-28', '2023-06-30', 550000, 'IMG-20230803-WA0001.jpg', 'SB', 4, 2),
(914823395, 73, '2023-08-28', '2023-07-31', 550000, 'IMG-20230803-WA00011.jpg', 'BB', 5, 2),
(914823396, 66, '2023-08-28', '2023-07-31', 550000, 'IMG-20230803-WA0004.jpg', 'BB', 5, 2),
(914823397, 96, '2023-09-05', '2023-08-03', 700000, 'IMG-20230803-WA0008.jpg', 'BB', 4, 2),
(914823398, 78, '2023-08-28', '2023-07-31', 550000, 'IMG-20230803-WA0009.jpg', 'BB', 5, 2),
(914823399, 148, '2023-10-01', '2023-09-01', 600000, 'IMG-20230802-WA0009.jpg', 'BB', 2, 2),
(914823400, 45, '2023-09-01', '2023-08-03', 550000, 'IMG-20230803-WA0017.jpg', 'BB', 6, 2),
(914823401, 95, '2023-09-04', '2023-08-03', 600000, 'IMG-20230803-WA0020.jpg', 'BB', 4, 2),
(914823402, 8, '2023-09-03', '2023-08-03', 650000, 'IMG-20230803-WA0018.jpg', 'BB', 6, 2),
(914823403, 135, '2023-09-03', '2023-08-03', 550000, 'IMG-20230803-WA0024.jpg', 'BB', 2, 2),
(914823404, 37, '2023-09-05', '2023-08-04', 600000, 'IMG-20230804-WA0002.jpg', 'BB', 6, 2),
(914823405, 153, '2023-09-06', '2023-08-01', 600000, 'IMG-20230802-WA0000.jpg', 'BB', 1, 2),
(914823406, 131, '2023-09-07', '2023-08-04', 700000, 'IMG-20230804-WA0012.jpg', 'BB', 2, 2),
(914823407, 154, '2023-09-05', '2023-08-05', 600000, 'IMG-20230805-WA0008.jpg', 'BB', 1, 2),
(914823408, 155, '2023-09-14', '2023-08-06', 650000, 'IMG-20230806-WA0002.jpg', 'BB', 1, 2),
(914823409, 117, '2023-09-05', '2023-08-05', 550000, 'IMG-20230806-WA0001.jpg', 'BB', 5, 2),
(914823410, 48, '2023-09-07', '2023-08-05', 550000, 'IMG-20230806-WA0000.jpg', 'BB', 6, 2),
(914823411, 156, '2023-09-08', '2023-08-06', 650000, 'IMG-20230807-WA0000.jpg', 'BB', 1, 2),
(914823412, 157, '2023-09-12', '2023-08-06', 650000, 'IMG-20230807-WA0003.jpg', 'BB', 1, 2),
(914823413, 158, '2023-09-11', '2023-08-05', 700000, 'IMG-20230805-WA0011.jpg', 'BB', 1, 2),
(914823414, 159, '2023-09-11', '2023-08-05', 600000, 'IMG-20230805-WA0012.jpg', 'BB', 1, 2),
(914823415, 136, '2023-09-07', '2023-08-07', 600000, 'IMG-20230807-WA0009.jpg', 'BB', 2, 2),
(914823416, 106, '2023-09-10', '2023-08-07', 1000000, 'IMG-20230807-WA0011.jpg', 'BB', 4, 2),
(914823417, 160, '2023-09-08', '2023-08-07', 650000, 'IMG-20230807-WA0014.jpg', 'BB', 1, 2),
(914823418, 161, '2023-09-08', '2023-08-07', 650000, 'IMG-20230807-WA0022.jpg', 'BB', 1, 2),
(914823419, 162, '2023-09-13', '2023-08-07', 650000, 'IMG-20230807-WA0017.jpg', 'BB', 1, 2),
(914823420, 163, '2023-09-12', '2023-08-07', 650000, 'IMG-20230807-WA0021.jpg', 'BB', 1, 2),
(914823421, 164, '2023-09-10', '2023-08-07', 650000, 'IMG-20230807-WA0025.jpg', 'BB', 1, 2),
(914823422, 165, '2023-09-11', '2023-08-07', 650000, 'IMG-20230807-WA0024.jpg', 'BB', 1, 2),
(914823423, 166, '2023-09-10', '2023-08-08', 650000, 'IMG-20230808-WA0007.jpg', 'BB', 1, 2),
(914823424, 167, '2023-09-14', '2023-08-08', 650000, 'IMG-20230808-WA0009.jpg', 'BB', 1, 2),
(914823425, 141, '2023-09-08', '2023-08-08', 550000, 'IMG-20230804-WA00021.jpg', 'BB', 2, 2),
(914823426, 168, '2023-09-10', '2023-08-06', 700000, 'IMG-20230809-WA0002.jpg', 'BB', 1, 2),
(914823427, 36, '2023-08-08', '2023-07-31', 550000, 'IMG-20230809-WA0004.jpg', 'SB', 5, 2),
(914823428, 36, '2023-09-08', '2023-08-09', 600000, 'IMG-20230809-WA00041.jpg', 'BB', 6, 2),
(914823429, 169, '2023-09-11', '2023-08-06', 600000, 'IMG-20230805-WA0015.jpg', 'BB', 1, 2),
(914823430, 32, '2023-09-06', '2023-08-09', 650000, 'IMG-20230809-WA0010.jpg', 'BB', 6, 2),
(914823431, 137, '2023-09-08', '2023-08-09', 600000, 'IMG-20230809-WA0015.jpg', 'BB', 2, 2),
(914823432, 134, '2023-09-03', '2023-08-09', 600000, 'IMG-20230810-WA0001.jpg', 'BB', 2, 2),
(914823433, 170, '2023-09-10', '2023-08-10', 600000, '20230810_184350.jpg', 'BB', 1, 2),
(914823434, 28, '2023-09-13', '2023-08-10', 600000, 'IMG-20230810-WA0002.jpg', 'BB', 6, 2),
(914823435, 171, '2023-09-10', '2023-08-10', 650000, 'IMG-20230809-WA0014.jpg', 'BB', 1, 2),
(914823436, 172, '2023-09-15', '2023-08-09', 650000, '20230810_1843501.jpg', 'BB', 1, 2),
(914823437, 173, '2023-09-10', '2023-08-08', 650000, 'IMG-20230808-WA0018.jpg', 'BB', 1, 2),
(914823438, 121, '2023-09-08', '2023-08-10', 325000, 'IMG-20230810-WA0008.jpg', 'BB', 3, 2),
(914823439, 47, '2023-09-08', '2023-08-09', 550000, 'IMG-20230811-WA0007.jpg', 'BB', 6, 2),
(914823440, 35, '2023-09-08', '2023-08-12', 550000, 'IMG-20230811-WA0010.jpg', 'BB', 6, 2),
(914823441, 27, '2023-09-10', '2023-08-12', 550000, 'IMG-20230812-WA0000.jpg', 'BB', 6, 2);

-- --------------------------------------------------------

--
-- Table structure for table `penghuni`
--

CREATE TABLE `penghuni` (
  `id_huni` int(11) NOT NULL,
  `id_pel` int(11) NOT NULL,
  `id_kos` varchar(10) NOT NULL,
  `id_kamar` int(11) NOT NULL,
  `tgl_masuk` date NOT NULL
) ENGINE=InnoDB DEFAULT CHARSET=latin1 COLLATE=latin1_swedish_ci;

--
-- Dumping data for table `penghuni`
--

INSERT INTO `penghuni` (`id_huni`, `id_pel`, `id_kos`, `id_kamar`, `tgl_masuk`) VALUES
(8, 19, 'Grd', 15, '2023-03-03'),
(9, 36, 'Bb', 60, '2023-03-21'),
(10, 52, 'Br3', 28, '2023-03-23'),
(11, 24, 'Grd', 22, '2023-03-28'),
(12, 34, 'Bb', 58, '2023-03-25'),
(13, 15, 'Grd', 10, '2023-03-28'),
(17, 27, 'Grd', 26, '2023-03-23'),
(18, 8, 'Grd', 23, '2023-03-18'),
(19, 53, 'Br3', 29, '2023-03-18'),
(20, 48, 'Br3', 49, '2023-03-20'),
(21, 65, 'Mlm', 77, '2023-03-16'),
(22, 44, 'Br3', 45, '2023-03-18'),
(23, 66, 'Mlm', 78, '2023-03-17'),
(26, 39, 'Br3', 38, '2023-03-14'),
(27, 54, 'Br3', 30, '2023-03-10'),
(28, 35, 'Bb', 59, '2023-03-13'),
(29, 71, 'Mlm', 84, '2023-03-11'),
(32, 23, 'Grd', 21, '2023-03-06'),
(34, 28, 'Grd', 27, '2023-03-01'),
(35, 51, 'Br3', 52, '2023-03-08'),
(36, 10, 'Br3', 41, '2023-03-08'),
(37, 33, 'Bb', 57, '2023-03-05'),
(40, 21, 'Grd', 19, '2023-03-01'),
(45, 69, 'Mlm', 81, '2023-03-01'),
(47, 75, 'Mlm', 89, '2023-03-08'),
(48, 56, 'Br3', 32, '2023-03-07'),
(49, 25, 'Grd', 24, '2023-03-01'),
(51, 64, 'Mlm', 75, '2023-03-01'),
(56, 13, 'Grd', 8, '2023-03-28'),
(57, 43, 'Br3', 44, '2023-03-28'),
(58, 60, 'Mlm', 71, '2023-03-28'),
(60, 62, 'Mlm', 73, '2023-03-07'),
(61, 16, 'Grd', 11, '2023-03-27'),
(62, 18, 'Grd', 13, '2023-03-28'),
(63, 14, 'Grd', 92, '2023-03-24'),
(66, 37, 'Bb', 61, '2023-03-28'),
(68, 49, 'Br3', 50, '2023-03-30'),
(70, 84, 'Mlm', 82, '2023-04-07'),
(73, 58, 'Br3', 35, '2023-03-28'),
(77, 42, 'Br3', 42, '2023-03-20'),
(78, 50, 'Br3', 51, '2023-03-28'),
(79, 22, 'Grd', 20, '2023-03-28'),
(81, 9, 'Br3', 37, '2023-03-10'),
(84, 31, 'Bb', 55, '2023-03-21'),
(86, 92, 'Mlm', 83, '2023-04-26'),
(88, 46, 'Br3', 47, '2023-03-28'),
(93, 95, 'Br3', 48, '2023-03-28'),
(95, 97, 'Mp', 64, '2023-05-04'),
(96, 98, 'Mp', 65, '2023-05-05'),
(97, 99, 'Br3', 39, '2023-05-05'),
(106, 106, 'Mlm', 88, '2023-05-10'),
(110, 88, 'Mp', 70, '2023-04-11'),
(112, 111, 'Mp', 69, '2023-05-13'),
(113, 110, 'Mlm', 74, '2023-05-17'),
(115, 91, 'Mlm', 87, '2023-04-25'),
(117, 76, 'Mlm', 91, '2023-04-05'),
(118, 17, 'Grd', 12, '2023-03-28'),
(119, 101, 'Br3', 40, '2023-05-20'),
(120, 113, 'Br3', 34, '2023-06-10'),
(121, 114, 'Mp', 67, '2023-06-08'),
(126, 118, 'Br3', 36, '2023-06-16'),
(129, 120, 'Br3', 46, '2023-06-23'),
(130, 122, 'Mlm', 72, '2023-07-01'),
(131, 123, 'Grd', 14, '2023-07-07'),
(132, 124, 'Mp', 68, '2023-07-05'),
(134, 126, 'Br3', 31, '2023-07-03'),
(135, 125, 'Mlm', 90, '2023-07-03'),
(136, 127, 'Mlm', 96, '2023-07-07'),
(137, 128, 'Mlm', 85, '2023-07-08'),
(139, 130, 'Mlm', 95, '2023-07-06'),
(141, 132, 'Mlm', 93, '2023-07-08'),
(142, 133, 'Mlm', 99, '2023-08-05'),
(143, 129, 'Mlm', 100, '2023-07-28'),
(145, 134, 'Grd', 25, '2023-07-15'),
(146, 135, 'Br3', 33, '2023-07-17'),
(147, 136, 'Mlm', 98, '2023-07-29'),
(148, 121, 'Mp', 63, '2023-08-01'),
(149, 137, 'Grd', 18, '2023-07-18'),
(150, 140, 'Mp', 66, '2023-07-20'),
(151, 141, 'Grd', 16, '2023-07-24'),
(152, 142, 'Bb', 56, '2023-08-01'),
(153, 143, 'Mlm', 80, '2023-08-06'),
(154, 144, 'Bb', 53, '2023-08-05'),
(155, 45, 'Br1', 101, '2023-08-14'),
(156, 147, 'Br1', 102, '2023-08-08'),
(157, 148, 'Br1', 103, '2023-08-12'),
(158, 145, 'Mlm', 86, '2023-08-11'),
(159, 146, 'Mlm', 79, '2023-08-11'),
(160, 149, 'Br1', 104, '2023-08-08'),
(161, 150, 'Br1', 105, '2023-08-08'),
(162, 151, 'Br1', 106, '2023-08-13'),
(163, 152, 'Br1', 107, '2023-08-12'),
(164, 153, 'Br1', 108, '2023-08-10'),
(165, 154, 'Br1', 109, '2023-08-11'),
(166, 155, 'Br1', 110, '2023-08-10'),
(167, 156, 'Br1', 111, '2023-08-14'),
(168, 157, 'Bb', 62, '2023-08-10'),
(169, 158, 'Mlm', 94, '2023-08-11'),
(170, 160, 'Bb', 54, '2023-08-10'),
(171, 161, 'Br1', 114, '2023-08-10'),
(172, 162, 'Br1', 115, '2023-08-15'),
(173, 159, 'Br1', 116, '2023-08-10');

-- --------------------------------------------------------

--
-- Table structure for table `rumah`
--

CREATE TABLE `rumah` (
  `id_rumah` int(11) NOT NULL,
  `nama_rumah` varchar(100) NOT NULL,
  `alamat` text NOT NULL,
  `status_rumah` varchar(10) NOT NULL
) ENGINE=InnoDB DEFAULT CHARSET=latin1 COLLATE=latin1_swedish_ci;

--
-- Dumping data for table `rumah`
--

INSERT INTO `rumah` (`id_rumah`, `nama_rumah`, `alamat`, `status_rumah`) VALUES
(1, 'Rumah 1', 'Nganjuk', 'T'),
(2, 'Rumah 2', 'Kediri', 'T'),
(4, 'mamboro lampu merah 1', 'trans sulawesi palu mamboro', 'T');

-- --------------------------------------------------------

--
-- Table structure for table `transaksi`
--

CREATE TABLE `transaksi` (
  `id_transaksi` varchar(11) NOT NULL,
  `id_pel` varchar(10) NOT NULL,
  `id_rumah` varchar(10) NOT NULL,
  `tgl_masuk` text NOT NULL,
  `lama_sewa` varchar(10) NOT NULL,
  `harga` varchar(100) NOT NULL
) ENGINE=InnoDB DEFAULT CHARSET=latin1 COLLATE=latin1_swedish_ci;

--
-- Dumping data for table `transaksi`
--

INSERT INTO `transaksi` (`id_transaksi`, `id_pel`, `id_rumah`, `tgl_masuk`, `lama_sewa`, `harga`) VALUES
('qIIKo', '11', '1', '2023-03-22', '3', '25000000');

--
-- Indexes for dumped tables
--

--
-- Indexes for table `admin`
--
ALTER TABLE `admin`
  ADD PRIMARY KEY (`id_admin`);

--
-- Indexes for table `kamar`
--
ALTER TABLE `kamar`
  ADD PRIMARY KEY (`id_kamar`);

--
-- Indexes for table `kos`
--
ALTER TABLE `kos`
  ADD PRIMARY KEY (`id_kos`);

--
-- Indexes for table `operator`
--
ALTER TABLE `operator`
  ADD PRIMARY KEY (`id_op`);

--
-- Indexes for table `pelanggan`
--
ALTER TABLE `pelanggan`
  ADD PRIMARY KEY (`id_pel`);

--
-- Indexes for table `pembayaran`
--
ALTER TABLE `pembayaran`
  ADD PRIMARY KEY (`id_bayar`);

--
-- Indexes for table `penghuni`
--
ALTER TABLE `penghuni`
  ADD PRIMARY KEY (`id_huni`);

--
-- Indexes for table `rumah`
--
ALTER TABLE `rumah`
  ADD PRIMARY KEY (`id_rumah`);

--
-- Indexes for table `transaksi`
--
ALTER TABLE `transaksi`
  ADD PRIMARY KEY (`id_transaksi`);

--
-- AUTO_INCREMENT for dumped tables
--

--
-- AUTO_INCREMENT for table `admin`
--
ALTER TABLE `admin`
  MODIFY `id_admin` int(11) NOT NULL AUTO_INCREMENT, AUTO_INCREMENT=5;

--
-- AUTO_INCREMENT for table `kamar`
--
ALTER TABLE `kamar`
  MODIFY `id_kamar` int(11) NOT NULL AUTO_INCREMENT, AUTO_INCREMENT=117;

--
-- AUTO_INCREMENT for table `operator`
--
ALTER TABLE `operator`
  MODIFY `id_op` int(11) NOT NULL AUTO_INCREMENT, AUTO_INCREMENT=12;

--
-- AUTO_INCREMENT for table `pelanggan`
--
ALTER TABLE `pelanggan`
  MODIFY `id_pel` int(11) NOT NULL AUTO_INCREMENT, AUTO_INCREMENT=165;

--
-- AUTO_INCREMENT for table `pembayaran`
--
ALTER TABLE `pembayaran`
  MODIFY `id_bayar` int(11) NOT NULL AUTO_INCREMENT, AUTO_INCREMENT=914823442;

--
-- AUTO_INCREMENT for table `penghuni`
--
ALTER TABLE `penghuni`
  MODIFY `id_huni` int(11) NOT NULL AUTO_INCREMENT, AUTO_INCREMENT=174;

--
-- AUTO_INCREMENT for table `rumah`
--
ALTER TABLE `rumah`
  MODIFY `id_rumah` int(11) NOT NULL AUTO_INCREMENT, AUTO_INCREMENT=5;
COMMIT;

/*!40101 SET CHARACTER_SET_CLIENT=@OLD_CHARACTER_SET_CLIENT */;
/*!40101 SET CHARACTER_SET_RESULTS=@OLD_CHARACTER_SET_RESULTS */;
/*!40101 SET COLLATION_CONNECTION=@OLD_COLLATION_CONNECTION */;
